formula_id,raw_formula,normalized_formula,formula_ast,dialect,semantic_status,source_record_ids
qkg:formula:000cdb09-064c-59e4-99c3-d60e3e74b9bc,"Ref($high, 19)/$close","/(qlib:delay($high,19),$close)","{""args"":[{""args"":[{""name"":""high"",""type"":""field""},{""type"":""number"",""value"":""19""}],""op"":""qlib:delay"",""type"":""call""},{""name"":""close"",""type"":""field""}],""op"":""/"",""type"":""binary""}",qlib,NOT_VERIFIED,"[""qkg:record:6b7efa94-4db5-5d35-b0f2-faa266974c0e""]"
qkg:formula:007642d3-28cf-55ea-9116-4e811d2b9178,"Ref($high, 10)/$close","/(qlib:delay($high,10),$close)","{""args"":[{""args"":[{""name"":""high"",""type"":""field""},{""type"":""number"",""value"":""10""}],""op"":""qlib:delay"",""type"":""call""},{""name"":""close"",""type"":""field""}],""op"":""/"",""type"":""binary""}",qlib,NOT_VERIFIED,"[""qkg:record:cfb363f1-0213-5257-9061-77a435ed5d55""]"
qkg:formula:011a6659-e7c3-527d-8287-1f98b430b7cc,"Ref($vwap, 57)/$close","/(qlib:delay($vwap,57),$close)","{""args"":[{""args"":[{""name"":""vwap"",""type"":""field""},{""type"":""number"",""value"":""57""}],""op"":""qlib:delay"",""type"":""call""},{""name"":""close"",""type"":""field""}],""op"":""/"",""type"":""binary""}",qlib,NOT_VERIFIED,"[""qkg:record:4d5a40a1-fd6d-5c76-9a12-615f820b85c9""]"
qkg:formula:01e90c90-1932-5a17-b415-32531cc4d0f3,"Ref($low, 55)/$close","/(qlib:delay($low,55),$close)","{""args"":[{""args"":[{""name"":""low"",""type"":""field""},{""type"":""number"",""value"":""55""}],""op"":""qlib:delay"",""type"":""call""},{""name"":""close"",""type"":""field""}],""op"":""/"",""type"":""binary""}",qlib,NOT_VERIFIED,"[""qkg:record:cb007444-cc83-58d8-b8a6-5e0a11782bb8""]"
qkg:formula:02872522-1c01-58f5-bfb1-97afe55969b2,"Corr($close, Log($volume+1), 5)","qlib:corr($close,qlib:log(+($volume,1)),5)","{""args"":[{""name"":""close"",""type"":""field""},{""args"":[{""args"":[{""name"":""volume"",""type"":""field""},{""type"":""number"",""value"":""1""}],""op"":""+"",""type"":""binary""}],""op"":""qlib:log"",""type"":""call""},{""type"":""number"",""value"":""5""}],""op"":""qlib:corr"",""type"":""call""}",qlib,NOT_VERIFIED,"[""qkg:record:d1a4142c-5b79-5d1f-912b-68afae742318""]"
qkg:formula:035eb1d8-ba33-5be0-9cf3-224dd0be9052,"Quantile($close, 5, 0.2)/$close","/(qlib:quantile($close,5,0.2),$close)","{""args"":[{""args"":[{""name"":""close"",""type"":""field""},{""type"":""number"",""value"":""5""},{""type"":""number"",""value"":""0.2""}],""op"":""qlib:quantile"",""type"":""call""},{""name"":""close"",""type"":""field""}],""op"":""/"",""type"":""binary""}",qlib,NOT_VERIFIED,"[""qkg:record:ba2d6a34-330a-5471-b728-9268c0e200e1""]"
qkg:formula:047bee52-da87-5869-842f-9849525f4315,"Ref($high, 52)/$close","/(qlib:delay($high,52),$close)","{""args"":[{""args"":[{""name"":""high"",""type"":""field""},{""type"":""number"",""value"":""52""}],""op"":""qlib:delay"",""type"":""call""},{""name"":""close"",""type"":""field""}],""op"":""/"",""type"":""binary""}",qlib,NOT_VERIFIED,"[""qkg:record:fee42d97-008a-5926-bba8-a154ae26e5c4""]"
qkg:formula:04d9837f-2880-515f-8373-709179bd6c7e,"Corr($close/Ref($close,1), Log($volume/Ref($volume, 1)+1), 10)","qlib:corr(/($close,qlib:delay($close,1)),qlib:log(+(/($volume,qlib:delay($volume,1)),1)),10)","{""args"":[{""args"":[{""name"":""close"",""type"":""field""},{""args"":[{""name"":""close"",""type"":""field""},{""type"":""number"",""value"":""1""}],""op"":""qlib:delay"",""type"":""call""}],""op"":""/"",""type"":""binary""},{""args"":[{""args"":[{""args"":[{""name"":""volume"",""type"":""field""},{""args"":[{""name"":""volume"",""type"":""field""},{""type"":""number"",""value"":""1""}],""op"":""qlib:delay"",""type"":""call""}],""op"":""/"",""type"":""binary""},{""type"":""number"",""value"":""1""}],""op"":""+"",""type"":""binary""}],""op"":""qlib:log"",""type"":""call""},{""type"":""number"",""value"":""10""}],""op"":""qlib:corr"",""type"":""call""}",qlib,NOT_VERIFIED,"[""qkg:record:b90dab9d-9983-5066-9a6e-0a556de741f7""]"
qkg:formula:0534b15a-4325-50d6-b8ab-aec9c6f29eff,"Corr($close, Log($volume+1), 10)","qlib:corr($close,qlib:log(+($volume,1)),10)","{""args"":[{""name"":""close"",""type"":""field""},{""args"":[{""args"":[{""name"":""volume"",""type"":""field""},{""type"":""number"",""value"":""1""}],""op"":""+"",""type"":""binary""}],""op"":""qlib:log"",""type"":""call""},{""type"":""number"",""value"":""10""}],""op"":""qlib:corr"",""type"":""call""}",qlib,NOT_VERIFIED,"[""qkg:record:0e95e943-b5e6-587a-a1d3-e8f8af794b5a""]"
qkg:formula:056c0766-b638-5d61-8cdb-a7c127e752bc,"Ref($close, 47)/$close","/(qlib:delay($close,47),$close)","{""args"":[{""args"":[{""name"":""close"",""type"":""field""},{""type"":""number"",""value"":""47""}],""op"":""qlib:delay"",""type"":""call""},{""name"":""close"",""type"":""field""}],""op"":""/"",""type"":""binary""}",qlib,NOT_VERIFIED,"[""qkg:record:a52f03a3-fbc7-5cfc-9771-b6a95d3dc9bb""]"
qkg:formula:05861ce9-dbe9-56a3-ad90-d9c8611b185c,"Sum(Greater($close-Ref($close, 1), 0), 20)/(Sum(Abs($close-Ref($close, 1)), 20)+1e-12)","/(qlib:sum(qlib:elementwise_max(-($close,qlib:delay($close,1)),0),20),+(qlib:sum(qlib:abs(-($close,qlib:delay($close,1))),20),0.000000000001))","{""args"":[{""args"":[{""args"":[{""args"":[{""name"":""close"",""type"":""field""},{""args"":[{""name"":""close"",""type"":""field""},{""type"":""number"",""value"":""1""}],""op"":""qlib:delay"",""type"":""call""}],""op"":""-"",""type"":""binary""},{""type"":""number"",""value"":""0""}],""op"":""qlib:elementwise_max"",""type"":""call""},{""type"":""number"",""value"":""20""}],""op"":""qlib:sum"",""type"":""call""},{""args"":[{""args"":[{""args"":[{""args"":[{""name"":""close"",""type"":""field""},{""args"":[{""name"":""close"",""type"":""field""},{""type"":""number"",""value"":""1""}],""op"":""qlib:delay"",""type"":""call""}],""op"":""-"",""type"":""binary""}],""op"":""qlib:abs"",""type"":""call""},{""type"":""number"",""value"":""20""}],""op"":""qlib:sum"",""type"":""call""},{""type"":""number"",""value"":""0.000000000001""}],""op"":""+"",""type"":""binary""}],""op"":""/"",""type"":""binary""}",qlib,NOT_VERIFIED,"[""qkg:record:194f5df5-9370-5f9a-9063-0531056b1a16""]"
qkg:formula:067ac0a3-aaf6-59d5-9a3c-c0cb3fde773f,"Ref($high, 42)/$close","/(qlib:delay($high,42),$close)","{""args"":[{""args"":[{""name"":""high"",""type"":""field""},{""type"":""number"",""value"":""42""}],""op"":""qlib:delay"",""type"":""call""},{""name"":""close"",""type"":""field""}],""op"":""/"",""type"":""binary""}",qlib,NOT_VERIFIED,"[""qkg:record:a0ed4656-ad7a-5dd1-815b-d0e493e82339""]"
qkg:formula:0708fa72-fc8a-55d8-8a91-b6f2236b0936,"Ref($low, 27)/$close","/(qlib:delay($low,27),$close)","{""args"":[{""args"":[{""name"":""low"",""type"":""field""},{""type"":""number"",""value"":""27""}],""op"":""qlib:delay"",""type"":""call""},{""name"":""close"",""type"":""field""}],""op"":""/"",""type"":""binary""}",qlib,NOT_VERIFIED,"[""qkg:record:59b1934f-2e8a-5141-9427-ce373add0be9""]"
qkg:formula:07290f91-ee99-5d75-8da1-a64c69c58dfa,"Ref($open, 7)/$close","/(qlib:delay($open,7),$close)","{""args"":[{""args"":[{""name"":""open"",""type"":""field""},{""type"":""number"",""value"":""7""}],""op"":""qlib:delay"",""type"":""call""},{""name"":""close"",""type"":""field""}],""op"":""/"",""type"":""binary""}",qlib,NOT_VERIFIED,"[""qkg:record:a624b281-f934-5f15-8fc0-ba38b11a7e81""]"
qkg:formula:079cbecc-7f08-5af4-a74c-8a5e8507b1ad,"Sum(Greater(Ref($close, 1)-$close, 0), 30)/(Sum(Abs($close-Ref($close, 1)), 30)+1e-12)","/(qlib:sum(qlib:elementwise_max(-(qlib:delay($close,1),$close),0),30),+(qlib:sum(qlib:abs(-($close,qlib:delay($close,1))),30),0.000000000001))","{""args"":[{""args"":[{""args"":[{""args"":[{""args"":[{""name"":""close"",""type"":""field""},{""type"":""number"",""value"":""1""}],""op"":""qlib:delay"",""type"":""call""},{""name"":""close"",""type"":""field""}],""op"":""-"",""type"":""binary""},{""type"":""number"",""value"":""0""}],""op"":""qlib:elementwise_max"",""type"":""call""},{""type"":""number"",""value"":""30""}],""op"":""qlib:sum"",""type"":""call""},{""args"":[{""args"":[{""args"":[{""args"":[{""name"":""close"",""type"":""field""},{""args"":[{""name"":""close"",""type"":""field""},{""type"":""number"",""value"":""1""}],""op"":""qlib:delay"",""type"":""call""}],""op"":""-"",""type"":""binary""}],""op"":""qlib:abs"",""type"":""call""},{""type"":""number"",""value"":""30""}],""op"":""qlib:sum"",""type"":""call""},{""type"":""number"",""value"":""0.000000000001""}],""op"":""+"",""type"":""binary""}],""op"":""/"",""type"":""binary""}",qlib,NOT_VERIFIED,"[""qkg:record:fcdf0537-a959-586c-9f5d-342927b67848""]"
qkg:formula:07ce4060-80ff-5bcc-8f6a-2f4f1ff92db0,"Ref($low, 15)/$close","/(qlib:delay($low,15),$close)","{""args"":[{""args"":[{""name"":""low"",""type"":""field""},{""type"":""number"",""value"":""15""}],""op"":""qlib:delay"",""type"":""call""},{""name"":""close"",""type"":""field""}],""op"":""/"",""type"":""binary""}",qlib,NOT_VERIFIED,"[""qkg:record:da6ca2ff-7ef1-57ff-8bf9-bc11be032865""]"
qkg:formula:092d8e4a-36f2-5644-b5a0-f4b896db7067,"IdxMax($high, 30)/30","/(qlib:ts_argmax($high,30),30)","{""args"":[{""args"":[{""name"":""high"",""type"":""field""},{""type"":""number"",""value"":""30""}],""op"":""qlib:ts_argmax"",""type"":""call""},{""type"":""number"",""value"":""30""}],""op"":""/"",""type"":""binary""}",qlib,NOT_VERIFIED,"[""qkg:record:a2002dfc-c416-59fb-8872-0bfbd842a724""]"
qkg:formula:09e2f5bb-27dd-5228-bb40-177a6d02457d,"Ref($open, 42)/$close","/(qlib:delay($open,42),$close)","{""args"":[{""args"":[{""name"":""open"",""type"":""field""},{""type"":""number"",""value"":""42""}],""op"":""qlib:delay"",""type"":""call""},{""name"":""close"",""type"":""field""}],""op"":""/"",""type"":""binary""}",qlib,NOT_VERIFIED,"[""qkg:record:dbae5f32-9008-5fad-b040-25cb0f19fdea""]"
qkg:formula:09e96ed5-091d-558f-9e8c-0b85764c7d5d,"Ref($vwap, 51)/$close","/(qlib:delay($vwap,51),$close)","{""args"":[{""args"":[{""name"":""vwap"",""type"":""field""},{""type"":""number"",""value"":""51""}],""op"":""qlib:delay"",""type"":""call""},{""name"":""close"",""type"":""field""}],""op"":""/"",""type"":""binary""}",qlib,NOT_VERIFIED,"[""qkg:record:e8f3b15c-29f9-5698-b103-60f1019fdc23""]"
qkg:formula:0a81980e-28db-59cb-9ea3-5ede97b63c32,"Ref($high, 5)/$close","/(qlib:delay($high,5),$close)","{""args"":[{""args"":[{""name"":""high"",""type"":""field""},{""type"":""number"",""value"":""5""}],""op"":""qlib:delay"",""type"":""call""},{""name"":""close"",""type"":""field""}],""op"":""/"",""type"":""binary""}",qlib,NOT_VERIFIED,"[""qkg:record:c0fb94b8-44ab-5042-831e-584eea033f06""]"
qkg:formula:0ab4f289-75e7-5cde-9fe2-d079e955510c,"Ref($vwap, 42)/$close","/(qlib:delay($vwap,42),$close)","{""args"":[{""args"":[{""name"":""vwap"",""type"":""field""},{""type"":""number"",""value"":""42""}],""op"":""qlib:delay"",""type"":""call""},{""name"":""close"",""type"":""field""}],""op"":""/"",""type"":""binary""}",qlib,NOT_VERIFIED,"[""qkg:record:4066c41d-ed0d-59bf-bae4-862aaca5a253""]"
qkg:formula:0acba910-d0fd-57fc-a826-39b1d762408e,"Ref($open, 8)/$close","/(qlib:delay($open,8),$close)","{""args"":[{""args"":[{""name"":""open"",""type"":""field""},{""type"":""number"",""value"":""8""}],""op"":""qlib:delay"",""type"":""call""},{""name"":""close"",""type"":""field""}],""op"":""/"",""type"":""binary""}",qlib,NOT_VERIFIED,"[""qkg:record:5e1dc071-9b30-53dc-88de-e3d835f1bc5a""]"
qkg:formula:0b208b64-c340-5291-bf32-9ecb34d8da83,"Mean($close, 10)/$close","/(qlib:mean($close,10),$close)","{""args"":[{""args"":[{""name"":""close"",""type"":""field""},{""type"":""number"",""value"":""10""}],""op"":""qlib:mean"",""type"":""call""},{""name"":""close"",""type"":""field""}],""op"":""/"",""type"":""binary""}",qlib,NOT_VERIFIED,"[""qkg:record:0c7db268-29ce-5d6b-bdf1-a481acba784a""]"
qkg:formula:0b8c41fb-ff60-5f23-8ce2-61e0aa27a535,"Ref($close, 15)/$close","/(qlib:delay($close,15),$close)","{""args"":[{""args"":[{""name"":""close"",""type"":""field""},{""type"":""number"",""value"":""15""}],""op"":""qlib:delay"",""type"":""call""},{""name"":""close"",""type"":""field""}],""op"":""/"",""type"":""binary""}",qlib,NOT_VERIFIED,"[""qkg:record:609a2295-1052-50be-a5d3-138c0ec1b1e5""]"
qkg:formula:0beceee9-e0c4-50c3-ba1e-c436e057e50b,"Ref($vwap, 8)/$close","/(qlib:delay($vwap,8),$close)","{""args"":[{""args"":[{""name"":""vwap"",""type"":""field""},{""type"":""number"",""value"":""8""}],""op"":""qlib:delay"",""type"":""call""},{""name"":""close"",""type"":""field""}],""op"":""/"",""type"":""binary""}",qlib,NOT_VERIFIED,"[""qkg:record:8a3bbd05-ab74-5e7b-bceb-0d45b863c132""]"
qkg:formula:0c29fe22-4967-522b-9764-016fe16a6711,"Ref($close, 13)/$close","/(qlib:delay($close,13),$close)","{""args"":[{""args"":[{""name"":""close"",""type"":""field""},{""type"":""number"",""value"":""13""}],""op"":""qlib:delay"",""type"":""call""},{""name"":""close"",""type"":""field""}],""op"":""/"",""type"":""binary""}",qlib,NOT_VERIFIED,"[""qkg:record:42285b3f-d15c-5054-b7fe-a33f54ced240""]"
qkg:formula:0c6553d5-db6c-5c76-87b6-acae55642fc4,"Ref($high, 6)/$close","/(qlib:delay($high,6),$close)","{""args"":[{""args"":[{""name"":""high"",""type"":""field""},{""type"":""number"",""value"":""6""}],""op"":""qlib:delay"",""type"":""call""},{""name"":""close"",""type"":""field""}],""op"":""/"",""type"":""binary""}",qlib,NOT_VERIFIED,"[""qkg:record:f9c51a58-6420-527d-9369-c61280498d28""]"
qkg:formula:0c833f11-5eaf-532a-b138-fdfdef94b914,"Ref($volume, 57)/($volume+1e-12)","/(qlib:delay($volume,57),+($volume,0.000000000001))","{""args"":[{""args"":[{""name"":""volume"",""type"":""field""},{""type"":""number"",""value"":""57""}],""op"":""qlib:delay"",""type"":""call""},{""args"":[{""name"":""volume"",""type"":""field""},{""type"":""number"",""value"":""0.000000000001""}],""op"":""+"",""type"":""binary""}],""op"":""/"",""type"":""binary""}",qlib,NOT_VERIFIED,"[""qkg:record:5f5de257-1c1c-59ee-9f60-26b29e6c645e""]"
qkg:formula:0d0d1a75-81ff-5694-b228-a6b38031af77,"Ref($volume, 4)/($volume+1e-12)","/(qlib:delay($volume,4),+($volume,0.000000000001))","{""args"":[{""args"":[{""name"":""volume"",""type"":""field""},{""type"":""number"",""value"":""4""}],""op"":""qlib:delay"",""type"":""call""},{""args"":[{""name"":""volume"",""type"":""field""},{""type"":""number"",""value"":""0.000000000001""}],""op"":""+"",""type"":""binary""}],""op"":""/"",""type"":""binary""}",qlib,NOT_VERIFIED,"[""qkg:record:a6c18458-fe5a-5ca6-9e6f-eb84e0a06072""]"
qkg:formula:0d1870b6-89ef-58f9-8050-972df8d4d0b5,"($close-Min($low, 60))/(Max($high, 60)-Min($low, 60)+1e-12)","/(-($close,qlib:ts_min($low,60)),+(-(qlib:ts_max($high,60),qlib:ts_min($low,60)),0.000000000001))","{""args"":[{""args"":[{""name"":""close"",""type"":""field""},{""args"":[{""name"":""low"",""type"":""field""},{""type"":""number"",""value"":""60""}],""op"":""qlib:ts_min"",""type"":""call""}],""op"":""-"",""type"":""binary""},{""args"":[{""args"":[{""args"":[{""name"":""high"",""type"":""field""},{""type"":""number"",""value"":""60""}],""op"":""qlib:ts_max"",""type"":""call""},{""args"":[{""name"":""low"",""type"":""field""},{""type"":""number"",""value"":""60""}],""op"":""qlib:ts_min"",""type"":""call""}],""op"":""-"",""type"":""binary""},{""type"":""number"",""value"":""0.000000000001""}],""op"":""+"",""type"":""binary""}],""op"":""/"",""type"":""binary""}",qlib,NOT_VERIFIED,"[""qkg:record:d2772e8f-94cf-5f3f-9eeb-eb8eae9c7654""]"
qkg:formula:0dc49595-4df4-53f4-bbce-c3b65bb35a09,"Quantile($close, 5, 0.8)/$close","/(qlib:quantile($close,5,0.8),$close)","{""args"":[{""args"":[{""name"":""close"",""type"":""field""},{""type"":""number"",""value"":""5""},{""type"":""number"",""value"":""0.8""}],""op"":""qlib:quantile"",""type"":""call""},{""name"":""close"",""type"":""field""}],""op"":""/"",""type"":""binary""}",qlib,NOT_VERIFIED,"[""qkg:record:3b719664-52c3-5ae7-a78d-3e62554307b4""]"
qkg:formula:0dd000af-f03f-544c-b989-9f9164eb6368,"Ref($low, 42)/$close","/(qlib:delay($low,42),$close)","{""args"":[{""args"":[{""name"":""low"",""type"":""field""},{""type"":""number"",""value"":""42""}],""op"":""qlib:delay"",""type"":""call""},{""name"":""close"",""type"":""field""}],""op"":""/"",""type"":""binary""}",qlib,NOT_VERIFIED,"[""qkg:record:73f59901-d08e-555c-a4f7-157aa3665b9d""]"
qkg:formula:0de6e12c-a014-5ffa-9e38-c744391d2b35,"Ref($high, 17)/$close","/(qlib:delay($high,17),$close)","{""args"":[{""args"":[{""name"":""high"",""type"":""field""},{""type"":""number"",""value"":""17""}],""op"":""qlib:delay"",""type"":""call""},{""name"":""close"",""type"":""field""}],""op"":""/"",""type"":""binary""}",qlib,NOT_VERIFIED,"[""qkg:record:f3fc574c-5130-525d-b561-2ea7cb2566ee""]"
qkg:formula:0e63a44d-804b-5495-a54d-950f58f7b0c5,"Ref($high, 31)/$close","/(qlib:delay($high,31),$close)","{""args"":[{""args"":[{""name"":""high"",""type"":""field""},{""type"":""number"",""value"":""31""}],""op"":""qlib:delay"",""type"":""call""},{""name"":""close"",""type"":""field""}],""op"":""/"",""type"":""binary""}",qlib,NOT_VERIFIED,"[""qkg:record:699f3f21-356d-54c3-a998-09120375e795""]"
qkg:formula:0fa9f08a-d6fe-5fb4-aa1f-efad2544f238,"Quantile($close, 30, 0.8)/$close","/(qlib:quantile($close,30,0.8),$close)","{""args"":[{""args"":[{""name"":""close"",""type"":""field""},{""type"":""number"",""value"":""30""},{""type"":""number"",""value"":""0.8""}],""op"":""qlib:quantile"",""type"":""call""},{""name"":""close"",""type"":""field""}],""op"":""/"",""type"":""binary""}",qlib,NOT_VERIFIED,"[""qkg:record:377e5afe-62b2-58ff-8ac0-762322a16ad2""]"
qkg:formula:0fcabb68-aef3-5832-82fe-8b060b785c4f,"Ref($volume, 31)/($volume+1e-12)","/(qlib:delay($volume,31),+($volume,0.000000000001))","{""args"":[{""args"":[{""name"":""volume"",""type"":""field""},{""type"":""number"",""value"":""31""}],""op"":""qlib:delay"",""type"":""call""},{""args"":[{""name"":""volume"",""type"":""field""},{""type"":""number"",""value"":""0.000000000001""}],""op"":""+"",""type"":""binary""}],""op"":""/"",""type"":""binary""}",qlib,NOT_VERIFIED,"[""qkg:record:171a572f-01db-5ca4-a0aa-08e35731bbd7""]"
qkg:formula:109a8092-cc2b-5fe7-96c2-154aab25a4f3,"Ref($high, 58)/$close","/(qlib:delay($high,58),$close)","{""args"":[{""args"":[{""name"":""high"",""type"":""field""},{""type"":""number"",""value"":""58""}],""op"":""qlib:delay"",""type"":""call""},{""name"":""close"",""type"":""field""}],""op"":""/"",""type"":""binary""}",qlib,NOT_VERIFIED,"[""qkg:record:9ec9f666-8546-5937-ba5a-fdf2db7397ba""]"
qkg:formula:1112bf79-997e-5cf6-b2d0-34698aa99ca6,"Ref($open, 46)/$close","/(qlib:delay($open,46),$close)","{""args"":[{""args"":[{""name"":""open"",""type"":""field""},{""type"":""number"",""value"":""46""}],""op"":""qlib:delay"",""type"":""call""},{""name"":""close"",""type"":""field""}],""op"":""/"",""type"":""binary""}",qlib,NOT_VERIFIED,"[""qkg:record:0367c4f9-d1ea-5d1b-8db9-b535bf17235c""]"
qkg:formula:130b042a-5750-577e-944a-4bf765714b98,"Ref($open, 19)/$close","/(qlib:delay($open,19),$close)","{""args"":[{""args"":[{""name"":""open"",""type"":""field""},{""type"":""number"",""value"":""19""}],""op"":""qlib:delay"",""type"":""call""},{""name"":""close"",""type"":""field""}],""op"":""/"",""type"":""binary""}",qlib,NOT_VERIFIED,"[""qkg:record:6b1f1e9d-66cd-5c62-a653-80b3dadec38e""]"
qkg:formula:132df76f-ccaf-5695-b8dc-86cfd326c60b,"Ref($vwap, 29)/$close","/(qlib:delay($vwap,29),$close)","{""args"":[{""args"":[{""name"":""vwap"",""type"":""field""},{""type"":""number"",""value"":""29""}],""op"":""qlib:delay"",""type"":""call""},{""name"":""close"",""type"":""field""}],""op"":""/"",""type"":""binary""}",qlib,NOT_VERIFIED,"[""qkg:record:39fca9c2-45ba-5cf8-bd51-e6acd5e48a59""]"
qkg:formula:13ae5b29-fdb2-5325-99c1-117dbe23a56e,"(Sum(Greater($close-Ref($close, 1), 0), 30)-Sum(Greater(Ref($close, 1)-$close, 0), 30))/(Sum(Abs($close-Ref($close, 1)), 30)+1e-12)","/(-(qlib:sum(qlib:elementwise_max(-($close,qlib:delay($close,1)),0),30),qlib:sum(qlib:elementwise_max(-(qlib:delay($close,1),$close),0),30)),+(qlib:sum(qlib:abs(-($close,qlib:delay($close,1))),30),0.000000000001))","{""args"":[{""args"":[{""args"":[{""args"":[{""args"":[{""name"":""close"",""type"":""field""},{""args"":[{""name"":""close"",""type"":""field""},{""type"":""number"",""value"":""1""}],""op"":""qlib:delay"",""type"":""call""}],""op"":""-"",""type"":""binary""},{""type"":""number"",""value"":""0""}],""op"":""qlib:elementwise_max"",""type"":""call""},{""type"":""number"",""value"":""30""}],""op"":""qlib:sum"",""type"":""call""},{""args"":[{""args"":[{""args"":[{""args"":[{""name"":""close"",""type"":""field""},{""type"":""number"",""value"":""1""}],""op"":""qlib:delay"",""type"":""call""},{""name"":""close"",""type"":""field""}],""op"":""-"",""type"":""binary""},{""type"":""number"",""value"":""0""}],""op"":""qlib:elementwise_max"",""type"":""call""},{""type"":""number"",""value"":""30""}],""op"":""qlib:sum"",""type"":""call""}],""op"":""-"",""type"":""binary""},{""args"":[{""args"":[{""args"":[{""args"":[{""name"":""close"",""type"":""field""},{""args"":[{""name"":""close"",""type"":""field""},{""type"":""number"",""value"":""1""}],""op"":""qlib:delay"",""type"":""call""}],""op"":""-"",""type"":""binary""}],""op"":""qlib:abs"",""type"":""call""},{""type"":""number"",""value"":""30""}],""op"":""qlib:sum"",""type"":""call""},{""type"":""number"",""value"":""0.000000000001""}],""op"":""+"",""type"":""binary""}],""op"":""/"",""type"":""binary""}",qlib,NOT_VERIFIED,"[""qkg:record:443f72fa-88eb-5065-b8a0-0de93c62600e""]"
qkg:formula:14421df7-ff2e-52b0-8da3-8786eb592b3a,"Ref($high, 24)/$close","/(qlib:delay($high,24),$close)","{""args"":[{""args"":[{""name"":""high"",""type"":""field""},{""type"":""number"",""value"":""24""}],""op"":""qlib:delay"",""type"":""call""},{""name"":""close"",""type"":""field""}],""op"":""/"",""type"":""binary""}",qlib,NOT_VERIFIED,"[""qkg:record:d1479d19-f876-505a-8c37-6f3cc383396b""]"
qkg:formula:147b809a-838b-5cab-9205-e687a5ebd1f4,"Ref($volume, 53)/($volume+1e-12)","/(qlib:delay($volume,53),+($volume,0.000000000001))","{""args"":[{""args"":[{""name"":""volume"",""type"":""field""},{""type"":""number"",""value"":""53""}],""op"":""qlib:delay"",""type"":""call""},{""args"":[{""name"":""volume"",""type"":""field""},{""type"":""number"",""value"":""0.000000000001""}],""op"":""+"",""type"":""binary""}],""op"":""/"",""type"":""binary""}",qlib,NOT_VERIFIED,"[""qkg:record:619567fd-d86e-524e-b948-622a1252a206""]"
qkg:formula:14bbc5ed-d038-5a6a-ab71-73f2327858a6,"Slope($close, 5)/$close","/(qlib:slope($close,5),$close)","{""args"":[{""args"":[{""name"":""close"",""type"":""field""},{""type"":""number"",""value"":""5""}],""op"":""qlib:slope"",""type"":""call""},{""name"":""close"",""type"":""field""}],""op"":""/"",""type"":""binary""}",qlib,NOT_VERIFIED,"[""qkg:record:76915d10-9bfa-5c6e-8a40-ca4a19087b36""]"
qkg:formula:14fd2202-5d92-50f6-abc3-eecceecbfd20,"Ref($low, 39)/$close","/(qlib:delay($low,39),$close)","{""args"":[{""args"":[{""name"":""low"",""type"":""field""},{""type"":""number"",""value"":""39""}],""op"":""qlib:delay"",""type"":""call""},{""name"":""close"",""type"":""field""}],""op"":""/"",""type"":""binary""}",qlib,NOT_VERIFIED,"[""qkg:record:f749df8d-37be-5cb1-be21-66d8f58e7393""]"
qkg:formula:15e7c29c-56b2-5482-a210-9320fd9e41bc,"Ref($close, 12)/$close","/(qlib:delay($close,12),$close)","{""args"":[{""args"":[{""name"":""close"",""type"":""field""},{""type"":""number"",""value"":""12""}],""op"":""qlib:delay"",""type"":""call""},{""name"":""close"",""type"":""field""}],""op"":""/"",""type"":""binary""}",qlib,NOT_VERIFIED,"[""qkg:record:d041032d-21be-5706-9e42-63867b4cffab""]"
qkg:formula:15ebbf89-77de-5d7c-b929-4b52b586146e,"Ref($low, 18)/$close","/(qlib:delay($low,18),$close)","{""args"":[{""args"":[{""name"":""low"",""type"":""field""},{""type"":""number"",""value"":""18""}],""op"":""qlib:delay"",""type"":""call""},{""name"":""close"",""type"":""field""}],""op"":""/"",""type"":""binary""}",qlib,NOT_VERIFIED,"[""qkg:record:15c32884-e5aa-56ee-b082-5654cf9bb1e8""]"
qkg:formula:1721229e-8eb9-5865-aed9-b4311e589f80,"Ref($high, 40)/$close","/(qlib:delay($high,40),$close)","{""args"":[{""args"":[{""name"":""high"",""type"":""field""},{""type"":""number"",""value"":""40""}],""op"":""qlib:delay"",""type"":""call""},{""name"":""close"",""type"":""field""}],""op"":""/"",""type"":""binary""}",qlib,NOT_VERIFIED,"[""qkg:record:44a1c93e-ebb1-5d4b-8cdb-91786db5e823""]"
qkg:formula:181d32e1-4731-5615-8ccc-57a2e698b501,"Ref($open, 55)/$close","/(qlib:delay($open,55),$close)","{""args"":[{""args"":[{""name"":""open"",""type"":""field""},{""type"":""number"",""value"":""55""}],""op"":""qlib:delay"",""type"":""call""},{""name"":""close"",""type"":""field""}],""op"":""/"",""type"":""binary""}",qlib,NOT_VERIFIED,"[""qkg:record:42475051-eec3-58a7-b02a-de768f5b0522""]"
qkg:formula:18bb597a-3bc4-5020-84fe-65fd976f6040,$vwap/$close,"/($vwap,$close)","{""args"":[{""name"":""vwap"",""type"":""field""},{""name"":""close"",""type"":""field""}],""op"":""/"",""type"":""binary""}",qlib,NOT_VERIFIED,"[""qkg:record:daea2cf9-e711-519a-b864-23529710df16"",""qkg:record:cb79088c-6e49-5de7-9f3f-849196f13a52""]"
qkg:formula:1998a8d9-8aa3-511e-9d13-560f3f0de51f,"Ref($open, 34)/$close","/(qlib:delay($open,34),$close)","{""args"":[{""args"":[{""name"":""open"",""type"":""field""},{""type"":""number"",""value"":""34""}],""op"":""qlib:delay"",""type"":""call""},{""name"":""close"",""type"":""field""}],""op"":""/"",""type"":""binary""}",qlib,NOT_VERIFIED,"[""qkg:record:f84746e8-3601-5485-bcde-c2cd3fcfb9b9""]"
qkg:formula:19d7f818-2feb-5d19-a361-2275e05b9226,"Ref($vwap, 5)/$close","/(qlib:delay($vwap,5),$close)","{""args"":[{""args"":[{""name"":""vwap"",""type"":""field""},{""type"":""number"",""value"":""5""}],""op"":""qlib:delay"",""type"":""call""},{""name"":""close"",""type"":""field""}],""op"":""/"",""type"":""binary""}",qlib,NOT_VERIFIED,"[""qkg:record:d6b28eed-0e92-5f07-b760-7ea8d50a8605""]"
qkg:formula:1b7ac52b-177f-5ee5-882c-1cb59b8e1f6a,"Rank($close, 60)","qlib:ts_rank($close,60)","{""args"":[{""name"":""close"",""type"":""field""},{""type"":""number"",""value"":""60""}],""op"":""qlib:ts_rank"",""type"":""call""}",qlib,NOT_VERIFIED,"[""qkg:record:56625b43-5c70-5f24-81bd-7a2b97c2a52b""]"
qkg:formula:1c85350a-2463-58b1-9166-cbfa42313fda,"Ref($open, 35)/$close","/(qlib:delay($open,35),$close)","{""args"":[{""args"":[{""name"":""open"",""type"":""field""},{""type"":""number"",""value"":""35""}],""op"":""qlib:delay"",""type"":""call""},{""name"":""close"",""type"":""field""}],""op"":""/"",""type"":""binary""}",qlib,NOT_VERIFIED,"[""qkg:record:3bc0db12-ae5e-5652-845b-01ffdc3d0aa6""]"
qkg:formula:1cd2d99c-26a5-58dc-a752-0ace1f0309d9,"Ref($volume, 36)/($volume+1e-12)","/(qlib:delay($volume,36),+($volume,0.000000000001))","{""args"":[{""args"":[{""name"":""volume"",""type"":""field""},{""type"":""number"",""value"":""36""}],""op"":""qlib:delay"",""type"":""call""},{""args"":[{""name"":""volume"",""type"":""field""},{""type"":""number"",""value"":""0.000000000001""}],""op"":""+"",""type"":""binary""}],""op"":""/"",""type"":""binary""}",qlib,NOT_VERIFIED,"[""qkg:record:e58d3db2-dd20-5299-8b9f-f3a40d91f230""]"
qkg:formula:1cdf34de-b107-5149-ab8a-70b615f63169,"Ref($vwap, 41)/$close","/(qlib:delay($vwap,41),$close)","{""args"":[{""args"":[{""name"":""vwap"",""type"":""field""},{""type"":""number"",""value"":""41""}],""op"":""qlib:delay"",""type"":""call""},{""name"":""close"",""type"":""field""}],""op"":""/"",""type"":""binary""}",qlib,NOT_VERIFIED,"[""qkg:record:c8794a17-6f7d-5400-9187-ce00e0d56751""]"
qkg:formula:1d5468bb-7656-58b6-9c32-f6a11468ad4b,"IdxMin($low, 5)/5","/(qlib:ts_argmin($low,5),5)","{""args"":[{""args"":[{""name"":""low"",""type"":""field""},{""type"":""number"",""value"":""5""}],""op"":""qlib:ts_argmin"",""type"":""call""},{""type"":""number"",""value"":""5""}],""op"":""/"",""type"":""binary""}",qlib,NOT_VERIFIED,"[""qkg:record:f803bd8e-d5fe-507c-a6a5-3328e3c89077""]"
qkg:formula:1d705910-63b6-504c-ac6a-d09d50f1cf95,"Ref($vwap, 7)/$close","/(qlib:delay($vwap,7),$close)","{""args"":[{""args"":[{""name"":""vwap"",""type"":""field""},{""type"":""number"",""value"":""7""}],""op"":""qlib:delay"",""type"":""call""},{""name"":""close"",""type"":""field""}],""op"":""/"",""type"":""binary""}",qlib,NOT_VERIFIED,"[""qkg:record:d0f0eb4d-4320-5be6-9719-2a459c3bd3b2""]"
qkg:formula:1dad13de-b9c6-58d2-8aea-774489615b52,"(Sum(Greater($volume-Ref($volume, 1), 0), 60)-Sum(Greater(Ref($volume, 1)-$volume, 0), 60))/(Sum(Abs($volume-Ref($volume, 1)), 60)+1e-12)","/(-(qlib:sum(qlib:elementwise_max(-($volume,qlib:delay($volume,1)),0),60),qlib:sum(qlib:elementwise_max(-(qlib:delay($volume,1),$volume),0),60)),+(qlib:sum(qlib:abs(-($volume,qlib:delay($volume,1))),60),0.000000000001))","{""args"":[{""args"":[{""args"":[{""args"":[{""args"":[{""name"":""volume"",""type"":""field""},{""args"":[{""name"":""volume"",""type"":""field""},{""type"":""number"",""value"":""1""}],""op"":""qlib:delay"",""type"":""call""}],""op"":""-"",""type"":""binary""},{""type"":""number"",""value"":""0""}],""op"":""qlib:elementwise_max"",""type"":""call""},{""type"":""number"",""value"":""60""}],""op"":""qlib:sum"",""type"":""call""},{""args"":[{""args"":[{""args"":[{""args"":[{""name"":""volume"",""type"":""field""},{""type"":""number"",""value"":""1""}],""op"":""qlib:delay"",""type"":""call""},{""name"":""volume"",""type"":""field""}],""op"":""-"",""type"":""binary""},{""type"":""number"",""value"":""0""}],""op"":""qlib:elementwise_max"",""type"":""call""},{""type"":""number"",""value"":""60""}],""op"":""qlib:sum"",""type"":""call""}],""op"":""-"",""type"":""binary""},{""args"":[{""args"":[{""args"":[{""args"":[{""name"":""volume"",""type"":""field""},{""args"":[{""name"":""volume"",""type"":""field""},{""type"":""number"",""value"":""1""}],""op"":""qlib:delay"",""type"":""call""}],""op"":""-"",""type"":""binary""}],""op"":""qlib:abs"",""type"":""call""},{""type"":""number"",""value"":""60""}],""op"":""qlib:sum"",""type"":""call""},{""type"":""number"",""value"":""0.000000000001""}],""op"":""+"",""type"":""binary""}],""op"":""/"",""type"":""binary""}",qlib,NOT_VERIFIED,"[""qkg:record:e97a59bf-6529-5115-896d-e7ec1a2e45ae""]"
qkg:formula:1e281698-40ae-59ee-ba54-8c2a3c28aee7,"Ref($volume, 7)/($volume+1e-12)","/(qlib:delay($volume,7),+($volume,0.000000000001))","{""args"":[{""args"":[{""name"":""volume"",""type"":""field""},{""type"":""number"",""value"":""7""}],""op"":""qlib:delay"",""type"":""call""},{""args"":[{""name"":""volume"",""type"":""field""},{""type"":""number"",""value"":""0.000000000001""}],""op"":""+"",""type"":""binary""}],""op"":""/"",""type"":""binary""}",qlib,NOT_VERIFIED,"[""qkg:record:5bcbc1cf-9221-545c-b078-451f54959d73""]"
qkg:formula:1e500f48-70da-53e2-9d3a-3f2de3c13873,"Sum(Greater($close-Ref($close, 1), 0), 30)/(Sum(Abs($close-Ref($close, 1)), 30)+1e-12)","/(qlib:sum(qlib:elementwise_max(-($close,qlib:delay($close,1)),0),30),+(qlib:sum(qlib:abs(-($close,qlib:delay($close,1))),30),0.000000000001))","{""args"":[{""args"":[{""args"":[{""args"":[{""name"":""close"",""type"":""field""},{""args"":[{""name"":""close"",""type"":""field""},{""type"":""number"",""value"":""1""}],""op"":""qlib:delay"",""type"":""call""}],""op"":""-"",""type"":""binary""},{""type"":""number"",""value"":""0""}],""op"":""qlib:elementwise_max"",""type"":""call""},{""type"":""number"",""value"":""30""}],""op"":""qlib:sum"",""type"":""call""},{""args"":[{""args"":[{""args"":[{""args"":[{""name"":""close"",""type"":""field""},{""args"":[{""name"":""close"",""type"":""field""},{""type"":""number"",""value"":""1""}],""op"":""qlib:delay"",""type"":""call""}],""op"":""-"",""type"":""binary""}],""op"":""qlib:abs"",""type"":""call""},{""type"":""number"",""value"":""30""}],""op"":""qlib:sum"",""type"":""call""},{""type"":""number"",""value"":""0.000000000001""}],""op"":""+"",""type"":""binary""}],""op"":""/"",""type"":""binary""}",qlib,NOT_VERIFIED,"[""qkg:record:4d483e34-93d4-5285-894e-44330ca8c4f5""]"
qkg:formula:1ede855a-4b2e-5ab0-b6bc-5dfbf56df34b,"Ref($open, 44)/$close","/(qlib:delay($open,44),$close)","{""args"":[{""args"":[{""name"":""open"",""type"":""field""},{""type"":""number"",""value"":""44""}],""op"":""qlib:delay"",""type"":""call""},{""name"":""close"",""type"":""field""}],""op"":""/"",""type"":""binary""}",qlib,NOT_VERIFIED,"[""qkg:record:79c412d5-4ce1-5bdd-98ac-42b7f1d36bd4""]"
qkg:formula:1ef1e4f0-033c-51e5-9907-3b03e42aecac,"Ref($vwap, 18)/$close","/(qlib:delay($vwap,18),$close)","{""args"":[{""args"":[{""name"":""vwap"",""type"":""field""},{""type"":""number"",""value"":""18""}],""op"":""qlib:delay"",""type"":""call""},{""name"":""close"",""type"":""field""}],""op"":""/"",""type"":""binary""}",qlib,NOT_VERIFIED,"[""qkg:record:f479ee0c-bb31-5581-8b02-3519252bb5e1""]"
qkg:formula:1f53db08-d69e-5d82-b740-77f0e08c63e2,"Ref($vwap, 50)/$close","/(qlib:delay($vwap,50),$close)","{""args"":[{""args"":[{""name"":""vwap"",""type"":""field""},{""type"":""number"",""value"":""50""}],""op"":""qlib:delay"",""type"":""call""},{""name"":""close"",""type"":""field""}],""op"":""/"",""type"":""binary""}",qlib,NOT_VERIFIED,"[""qkg:record:d19288a7-d54e-586c-a98a-2ccb70d0f033""]"
qkg:formula:2087d781-ed90-51cc-8ab4-5bc604d5ee61,"Ref($high, 34)/$close","/(qlib:delay($high,34),$close)","{""args"":[{""args"":[{""name"":""high"",""type"":""field""},{""type"":""number"",""value"":""34""}],""op"":""qlib:delay"",""type"":""call""},{""name"":""close"",""type"":""field""}],""op"":""/"",""type"":""binary""}",qlib,NOT_VERIFIED,"[""qkg:record:2912a61f-e360-5ea5-a573-125fd542365b""]"
qkg:formula:2098b6c4-e7d5-5d7c-ae96-e91fb7c12f06,"Std($close, 60)/$close","/(qlib:std($close,60),$close)","{""args"":[{""args"":[{""name"":""close"",""type"":""field""},{""type"":""number"",""value"":""60""}],""op"":""qlib:std"",""type"":""call""},{""name"":""close"",""type"":""field""}],""op"":""/"",""type"":""binary""}",qlib,NOT_VERIFIED,"[""qkg:record:cb8252bb-4ea7-5a8b-b7c8-2778fd7e5e1f""]"
qkg:formula:21353043-d01f-5e97-8a41-e7c15c90b8d2,"Ref($open, 59)/$close","/(qlib:delay($open,59),$close)","{""args"":[{""args"":[{""name"":""open"",""type"":""field""},{""type"":""number"",""value"":""59""}],""op"":""qlib:delay"",""type"":""call""},{""name"":""close"",""type"":""field""}],""op"":""/"",""type"":""binary""}",qlib,NOT_VERIFIED,"[""qkg:record:b890417c-ae76-5e3a-83e6-5a7dd0b61ab7""]"
qkg:formula:2158b110-8522-5bd8-a7d4-4d302ef81927,"Ref($high, 44)/$close","/(qlib:delay($high,44),$close)","{""args"":[{""args"":[{""name"":""high"",""type"":""field""},{""type"":""number"",""value"":""44""}],""op"":""qlib:delay"",""type"":""call""},{""name"":""close"",""type"":""field""}],""op"":""/"",""type"":""binary""}",qlib,NOT_VERIFIED,"[""qkg:record:aed95835-b2af-564f-ab82-d5420694f023""]"
qkg:formula:217a3459-e814-58da-ae01-49aa1e070663,"Resi($close, 5)/$close","/(qlib:resi($close,5),$close)","{""args"":[{""args"":[{""name"":""close"",""type"":""field""},{""type"":""number"",""value"":""5""}],""op"":""qlib:resi"",""type"":""call""},{""name"":""close"",""type"":""field""}],""op"":""/"",""type"":""binary""}",qlib,NOT_VERIFIED,"[""qkg:record:f52b9dde-ea30-5627-aa1a-a2fadf6bc24c""]"
qkg:formula:223424ec-3d1a-505b-9354-643d168f42a5,($close-$open)/($high-$low+1e-12),"/(-($close,$open),+(-($high,$low),0.000000000001))","{""args"":[{""args"":[{""name"":""close"",""type"":""field""},{""name"":""open"",""type"":""field""}],""op"":""-"",""type"":""binary""},{""args"":[{""args"":[{""name"":""high"",""type"":""field""},{""name"":""low"",""type"":""field""}],""op"":""-"",""type"":""binary""},{""type"":""number"",""value"":""0.000000000001""}],""op"":""+"",""type"":""binary""}],""op"":""/"",""type"":""binary""}",qlib,NOT_VERIFIED,"[""qkg:record:686a1495-a0a7-5aa7-a5ca-7348423e3f11""]"
qkg:formula:2263422a-6683-5f22-b32f-27c9f369f8e9,"($high-Greater($open, $close))/($high-$low+1e-12)","/(-($high,qlib:elementwise_max($open,$close)),+(-($high,$low),0.000000000001))","{""args"":[{""args"":[{""name"":""high"",""type"":""field""},{""args"":[{""name"":""open"",""type"":""field""},{""name"":""close"",""type"":""field""}],""op"":""qlib:elementwise_max"",""type"":""call""}],""op"":""-"",""type"":""binary""},{""args"":[{""args"":[{""name"":""high"",""type"":""field""},{""name"":""low"",""type"":""field""}],""op"":""-"",""type"":""binary""},{""type"":""number"",""value"":""0.000000000001""}],""op"":""+"",""type"":""binary""}],""op"":""/"",""type"":""binary""}",qlib,NOT_VERIFIED,"[""qkg:record:fc26a545-41e1-57cb-bbab-02a3299c4e34""]"
qkg:formula:22aca6b1-6165-5c49-a50b-cf6ce1c79788,"Ref($low, 36)/$close","/(qlib:delay($low,36),$close)","{""args"":[{""args"":[{""name"":""low"",""type"":""field""},{""type"":""number"",""value"":""36""}],""op"":""qlib:delay"",""type"":""call""},{""name"":""close"",""type"":""field""}],""op"":""/"",""type"":""binary""}",qlib,NOT_VERIFIED,"[""qkg:record:b3563f88-e2dc-5b57-8fc8-0974d7cd0fa7""]"
qkg:formula:2345ab1e-c643-5943-b2c8-4cb0aa0af84a,"Ref($vwap, 13)/$close","/(qlib:delay($vwap,13),$close)","{""args"":[{""args"":[{""name"":""vwap"",""type"":""field""},{""type"":""number"",""value"":""13""}],""op"":""qlib:delay"",""type"":""call""},{""name"":""close"",""type"":""field""}],""op"":""/"",""type"":""binary""}",qlib,NOT_VERIFIED,"[""qkg:record:72828b44-dc1f-5e08-8069-a93d8a7ca4f5""]"
qkg:formula:23669c14-19d4-5ea0-875c-18d93a7d773c,"Ref($close, 5)/$close","/(qlib:delay($close,5),$close)","{""args"":[{""args"":[{""name"":""close"",""type"":""field""},{""type"":""number"",""value"":""5""}],""op"":""qlib:delay"",""type"":""call""},{""name"":""close"",""type"":""field""}],""op"":""/"",""type"":""binary""}",qlib,NOT_VERIFIED,"[""qkg:record:93b6aa85-e2b0-545a-ac36-bc063fa2a1d2"",""qkg:record:0f2bb45b-278f-5ff3-9c14-d314cdff588d""]"
qkg:formula:23acb485-1afa-5984-9472-d44a6a736caa,"Sum(Greater($close-Ref($close, 1), 0), 5)/(Sum(Abs($close-Ref($close, 1)), 5)+1e-12)","/(qlib:sum(qlib:elementwise_max(-($close,qlib:delay($close,1)),0),5),+(qlib:sum(qlib:abs(-($close,qlib:delay($close,1))),5),0.000000000001))","{""args"":[{""args"":[{""args"":[{""args"":[{""name"":""close"",""type"":""field""},{""args"":[{""name"":""close"",""type"":""field""},{""type"":""number"",""value"":""1""}],""op"":""qlib:delay"",""type"":""call""}],""op"":""-"",""type"":""binary""},{""type"":""number"",""value"":""0""}],""op"":""qlib:elementwise_max"",""type"":""call""},{""type"":""number"",""value"":""5""}],""op"":""qlib:sum"",""type"":""call""},{""args"":[{""args"":[{""args"":[{""args"":[{""name"":""close"",""type"":""field""},{""args"":[{""name"":""close"",""type"":""field""},{""type"":""number"",""value"":""1""}],""op"":""qlib:delay"",""type"":""call""}],""op"":""-"",""type"":""binary""}],""op"":""qlib:abs"",""type"":""call""},{""type"":""number"",""value"":""5""}],""op"":""qlib:sum"",""type"":""call""},{""type"":""number"",""value"":""0.000000000001""}],""op"":""+"",""type"":""binary""}],""op"":""/"",""type"":""binary""}",qlib,NOT_VERIFIED,"[""qkg:record:33052523-dd10-52c7-83c8-bd3194e0a114""]"
qkg:formula:23bbcb91-5755-5522-96ee-e80629a95a27,"Max($high, 60)/$close","/(qlib:ts_max($high,60),$close)","{""args"":[{""args"":[{""name"":""high"",""type"":""field""},{""type"":""number"",""value"":""60""}],""op"":""qlib:ts_max"",""type"":""call""},{""name"":""close"",""type"":""field""}],""op"":""/"",""type"":""binary""}",qlib,NOT_VERIFIED,"[""qkg:record:5a0fb8c3-2438-5174-8184-e09b21ffc5e4""]"
qkg:formula:23d94a78-37f1-5b55-b810-372d1cc4a267,"IdxMin($low, 60)/60","/(qlib:ts_argmin($low,60),60)","{""args"":[{""args"":[{""name"":""low"",""type"":""field""},{""type"":""number"",""value"":""60""}],""op"":""qlib:ts_argmin"",""type"":""call""},{""type"":""number"",""value"":""60""}],""op"":""/"",""type"":""binary""}",qlib,NOT_VERIFIED,"[""qkg:record:968c940a-3728-5257-a40e-c5aedb4ce10f""]"
qkg:formula:2518628d-c7b3-50d9-8c46-c4b30a2d5604,"Ref($close, 59)/$close","/(qlib:delay($close,59),$close)","{""args"":[{""args"":[{""name"":""close"",""type"":""field""},{""type"":""number"",""value"":""59""}],""op"":""qlib:delay"",""type"":""call""},{""name"":""close"",""type"":""field""}],""op"":""/"",""type"":""binary""}",qlib,NOT_VERIFIED,"[""qkg:record:52392395-1306-5d60-a35f-528be6fc6325""]"
qkg:formula:25a879b9-61d7-57c3-afbe-994a1de375e1,"Ref($close, 34)/$close","/(qlib:delay($close,34),$close)","{""args"":[{""args"":[{""name"":""close"",""type"":""field""},{""type"":""number"",""value"":""34""}],""op"":""qlib:delay"",""type"":""call""},{""name"":""close"",""type"":""field""}],""op"":""/"",""type"":""binary""}",qlib,NOT_VERIFIED,"[""qkg:record:e570a8d1-54d8-5ab8-82d7-f9c352a63a99""]"
qkg:formula:25b193e2-4479-53a9-aec8-6f99d01f4ed0,"Max($high, 10)/$close","/(qlib:ts_max($high,10),$close)","{""args"":[{""args"":[{""name"":""high"",""type"":""field""},{""type"":""number"",""value"":""10""}],""op"":""qlib:ts_max"",""type"":""call""},{""name"":""close"",""type"":""field""}],""op"":""/"",""type"":""binary""}",qlib,NOT_VERIFIED,"[""qkg:record:81c7dcbe-47d3-5a6d-a3c9-fcf28a3cc5d1""]"
qkg:formula:26d398e7-f4e8-5573-8995-4f3810a4fe70,"Sum(Greater($close-Ref($close, 1), 0), 10)/(Sum(Abs($close-Ref($close, 1)), 10)+1e-12)","/(qlib:sum(qlib:elementwise_max(-($close,qlib:delay($close,1)),0),10),+(qlib:sum(qlib:abs(-($close,qlib:delay($close,1))),10),0.000000000001))","{""args"":[{""args"":[{""args"":[{""args"":[{""name"":""close"",""type"":""field""},{""args"":[{""name"":""close"",""type"":""field""},{""type"":""number"",""value"":""1""}],""op"":""qlib:delay"",""type"":""call""}],""op"":""-"",""type"":""binary""},{""type"":""number"",""value"":""0""}],""op"":""qlib:elementwise_max"",""type"":""call""},{""type"":""number"",""value"":""10""}],""op"":""qlib:sum"",""type"":""call""},{""args"":[{""args"":[{""args"":[{""args"":[{""name"":""close"",""type"":""field""},{""args"":[{""name"":""close"",""type"":""field""},{""type"":""number"",""value"":""1""}],""op"":""qlib:delay"",""type"":""call""}],""op"":""-"",""type"":""binary""}],""op"":""qlib:abs"",""type"":""call""},{""type"":""number"",""value"":""10""}],""op"":""qlib:sum"",""type"":""call""},{""type"":""number"",""value"":""0.000000000001""}],""op"":""+"",""type"":""binary""}],""op"":""/"",""type"":""binary""}",qlib,NOT_VERIFIED,"[""qkg:record:0322d17d-d98c-58ae-9289-07b7ecc75ea2""]"
qkg:formula:27155a8e-ebe7-55ae-97a9-a4ebfe1d133a,"Ref($volume, 51)/($volume+1e-12)","/(qlib:delay($volume,51),+($volume,0.000000000001))","{""args"":[{""args"":[{""name"":""volume"",""type"":""field""},{""type"":""number"",""value"":""51""}],""op"":""qlib:delay"",""type"":""call""},{""args"":[{""name"":""volume"",""type"":""field""},{""type"":""number"",""value"":""0.000000000001""}],""op"":""+"",""type"":""binary""}],""op"":""/"",""type"":""binary""}",qlib,NOT_VERIFIED,"[""qkg:record:6330e3a1-3336-534b-9f66-c30b85020463""]"
qkg:formula:27593486-1bef-566e-aa9b-caeb8036d5a8,"Ref($vwap, 3)/$close","/(qlib:delay($vwap,3),$close)","{""args"":[{""args"":[{""name"":""vwap"",""type"":""field""},{""type"":""number"",""value"":""3""}],""op"":""qlib:delay"",""type"":""call""},{""name"":""close"",""type"":""field""}],""op"":""/"",""type"":""binary""}",qlib,NOT_VERIFIED,"[""qkg:record:7213387d-5f38-532a-a73a-6a1ba547b8bf""]"
qkg:formula:279ac1ec-df2f-5ef5-84df-ec2f34412b06,"Min($low, 60)/$close","/(qlib:ts_min($low,60),$close)","{""args"":[{""args"":[{""name"":""low"",""type"":""field""},{""type"":""number"",""value"":""60""}],""op"":""qlib:ts_min"",""type"":""call""},{""name"":""close"",""type"":""field""}],""op"":""/"",""type"":""binary""}",qlib,NOT_VERIFIED,"[""qkg:record:c029ebd9-998c-52b8-a322-13232c65caa2""]"
qkg:formula:285849eb-55c6-50f9-bfa9-2bb3f2085952,"Ref($high, 35)/$close","/(qlib:delay($high,35),$close)","{""args"":[{""args"":[{""name"":""high"",""type"":""field""},{""type"":""number"",""value"":""35""}],""op"":""qlib:delay"",""type"":""call""},{""name"":""close"",""type"":""field""}],""op"":""/"",""type"":""binary""}",qlib,NOT_VERIFIED,"[""qkg:record:5b9e6887-32fc-5c8e-9dd6-20d1117bdc00""]"
qkg:formula:28957f36-2600-5452-9c8d-8c1075bd571e,"Ref($vwap, 32)/$close","/(qlib:delay($vwap,32),$close)","{""args"":[{""args"":[{""name"":""vwap"",""type"":""field""},{""type"":""number"",""value"":""32""}],""op"":""qlib:delay"",""type"":""call""},{""name"":""close"",""type"":""field""}],""op"":""/"",""type"":""binary""}",qlib,NOT_VERIFIED,"[""qkg:record:48b91382-b324-5771-b705-132a2a98199c""]"
qkg:formula:29637667-1ff3-5e08-a7e4-47c2bdfdf45d,($close-$open)/$open,"/(-($close,$open),$open)","{""args"":[{""args"":[{""name"":""close"",""type"":""field""},{""name"":""open"",""type"":""field""}],""op"":""-"",""type"":""binary""},{""name"":""open"",""type"":""field""}],""op"":""/"",""type"":""binary""}",qlib,NOT_VERIFIED,"[""qkg:record:5b988d11-2e8a-57fa-91aa-e289d0fc88ea""]"
qkg:formula:29ab7d91-302e-5e5d-85ae-6c35e2229c54,"Sum(Greater($close-Ref($close, 1), 0), 60)/(Sum(Abs($close-Ref($close, 1)), 60)+1e-12)","/(qlib:sum(qlib:elementwise_max(-($close,qlib:delay($close,1)),0),60),+(qlib:sum(qlib:abs(-($close,qlib:delay($close,1))),60),0.000000000001))","{""args"":[{""args"":[{""args"":[{""args"":[{""name"":""close"",""type"":""field""},{""args"":[{""name"":""close"",""type"":""field""},{""type"":""number"",""value"":""1""}],""op"":""qlib:delay"",""type"":""call""}],""op"":""-"",""type"":""binary""},{""type"":""number"",""value"":""0""}],""op"":""qlib:elementwise_max"",""type"":""call""},{""type"":""number"",""value"":""60""}],""op"":""qlib:sum"",""type"":""call""},{""args"":[{""args"":[{""args"":[{""args"":[{""name"":""close"",""type"":""field""},{""args"":[{""name"":""close"",""type"":""field""},{""type"":""number"",""value"":""1""}],""op"":""qlib:delay"",""type"":""call""}],""op"":""-"",""type"":""binary""}],""op"":""qlib:abs"",""type"":""call""},{""type"":""number"",""value"":""60""}],""op"":""qlib:sum"",""type"":""call""},{""type"":""number"",""value"":""0.000000000001""}],""op"":""+"",""type"":""binary""}],""op"":""/"",""type"":""binary""}",qlib,NOT_VERIFIED,"[""qkg:record:05347d4a-0ecf-5e16-8827-7d5446f80140""]"
qkg:formula:2a4135f6-e41a-565c-ab9a-ecf2f50da257,"IdxMax($high, 60)/60","/(qlib:ts_argmax($high,60),60)","{""args"":[{""args"":[{""name"":""high"",""type"":""field""},{""type"":""number"",""value"":""60""}],""op"":""qlib:ts_argmax"",""type"":""call""},{""type"":""number"",""value"":""60""}],""op"":""/"",""type"":""binary""}",qlib,NOT_VERIFIED,"[""qkg:record:9ec6dc2e-8689-581e-9bcb-3f5142f9654e""]"
qkg:formula:2ae02ddf-1c30-5192-a386-51eb4894a0d4,"Ref($open, 18)/$close","/(qlib:delay($open,18),$close)","{""args"":[{""args"":[{""name"":""open"",""type"":""field""},{""type"":""number"",""value"":""18""}],""op"":""qlib:delay"",""type"":""call""},{""name"":""close"",""type"":""field""}],""op"":""/"",""type"":""binary""}",qlib,NOT_VERIFIED,"[""qkg:record:0068a085-f169-50c5-b4c6-246100df9be0""]"
qkg:formula:2b53cd95-bcb5-5cd9-9638-faa3cab6129c,"Std(Abs($close/Ref($close, 1)-1)*$volume, 10)/(Mean(Abs($close/Ref($close, 1)-1)*$volume, 10)+1e-12)","/(qlib:std(*(qlib:abs(-(/($close,qlib:delay($close,1)),1)),$volume),10),+(qlib:mean(*(qlib:abs(-(/($close,qlib:delay($close,1)),1)),$volume),10),0.000000000001))","{""args"":[{""args"":[{""args"":[{""args"":[{""args"":[{""args"":[{""name"":""close"",""type"":""field""},{""args"":[{""name"":""close"",""type"":""field""},{""type"":""number"",""value"":""1""}],""op"":""qlib:delay"",""type"":""call""}],""op"":""/"",""type"":""binary""},{""type"":""number"",""value"":""1""}],""op"":""-"",""type"":""binary""}],""op"":""qlib:abs"",""type"":""call""},{""name"":""volume"",""type"":""field""}],""op"":""*"",""type"":""binary""},{""type"":""number"",""value"":""10""}],""op"":""qlib:std"",""type"":""call""},{""args"":[{""args"":[{""args"":[{""args"":[{""args"":[{""args"":[{""name"":""close"",""type"":""field""},{""args"":[{""name"":""close"",""type"":""field""},{""type"":""number"",""value"":""1""}],""op"":""qlib:delay"",""type"":""call""}],""op"":""/"",""type"":""binary""},{""type"":""number"",""value"":""1""}],""op"":""-"",""type"":""binary""}],""op"":""qlib:abs"",""type"":""call""},{""name"":""volume"",""type"":""field""}],""op"":""*"",""type"":""binary""},{""type"":""number"",""value"":""10""}],""op"":""qlib:mean"",""type"":""call""},{""type"":""number"",""value"":""0.000000000001""}],""op"":""+"",""type"":""binary""}],""op"":""/"",""type"":""binary""}",qlib,NOT_VERIFIED,"[""qkg:record:e4d5fec1-31cd-53ba-aef7-5f5d8e444f6a""]"
qkg:formula:2b6f4620-2785-59cc-b428-09c5b211f285,"Ref($low, 29)/$close","/(qlib:delay($low,29),$close)","{""args"":[{""args"":[{""name"":""low"",""type"":""field""},{""type"":""number"",""value"":""29""}],""op"":""qlib:delay"",""type"":""call""},{""name"":""close"",""type"":""field""}],""op"":""/"",""type"":""binary""}",qlib,NOT_VERIFIED,"[""qkg:record:a4081818-aee8-5624-8939-ff27fe85ad25""]"
qkg:formula:2bb384ca-e561-5be2-9020-a387fea5c594,"Sum(Greater(Ref($volume, 1)-$volume, 0), 30)/(Sum(Abs($volume-Ref($volume, 1)), 30)+1e-12)","/(qlib:sum(qlib:elementwise_max(-(qlib:delay($volume,1),$volume),0),30),+(qlib:sum(qlib:abs(-($volume,qlib:delay($volume,1))),30),0.000000000001))","{""args"":[{""args"":[{""args"":[{""args"":[{""args"":[{""name"":""volume"",""type"":""field""},{""type"":""number"",""value"":""1""}],""op"":""qlib:delay"",""type"":""call""},{""name"":""volume"",""type"":""field""}],""op"":""-"",""type"":""binary""},{""type"":""number"",""value"":""0""}],""op"":""qlib:elementwise_max"",""type"":""call""},{""type"":""number"",""value"":""30""}],""op"":""qlib:sum"",""type"":""call""},{""args"":[{""args"":[{""args"":[{""args"":[{""name"":""volume"",""type"":""field""},{""args"":[{""name"":""volume"",""type"":""field""},{""type"":""number"",""value"":""1""}],""op"":""qlib:delay"",""type"":""call""}],""op"":""-"",""type"":""binary""}],""op"":""qlib:abs"",""type"":""call""},{""type"":""number"",""value"":""30""}],""op"":""qlib:sum"",""type"":""call""},{""type"":""number"",""value"":""0.000000000001""}],""op"":""+"",""type"":""binary""}],""op"":""/"",""type"":""binary""}",qlib,NOT_VERIFIED,"[""qkg:record:281fdac5-8fec-5091-9a81-76258fe21f4d""]"
qkg:formula:2bc968bc-5504-5443-bcb9-c8249df881eb,"Ref($high, 47)/$close","/(qlib:delay($high,47),$close)","{""args"":[{""args"":[{""name"":""high"",""type"":""field""},{""type"":""number"",""value"":""47""}],""op"":""qlib:delay"",""type"":""call""},{""name"":""close"",""type"":""field""}],""op"":""/"",""type"":""binary""}",qlib,NOT_VERIFIED,"[""qkg:record:75da86e1-be59-56d3-b35e-53c345ceb52c""]"
qkg:formula:2c078ee9-ca1d-57d8-8da5-ac0b73789480,"Ref($vwap, 31)/$close","/(qlib:delay($vwap,31),$close)","{""args"":[{""args"":[{""name"":""vwap"",""type"":""field""},{""type"":""number"",""value"":""31""}],""op"":""qlib:delay"",""type"":""call""},{""name"":""close"",""type"":""field""}],""op"":""/"",""type"":""binary""}",qlib,NOT_VERIFIED,"[""qkg:record:789490b1-e5bd-52f4-b632-ebba4cd016d7""]"
qkg:formula:2c22f56d-ebb1-5ef5-97b0-b865ef5aa96f,"Corr($close, Log($volume+1), 30)","qlib:corr($close,qlib:log(+($volume,1)),30)","{""args"":[{""name"":""close"",""type"":""field""},{""args"":[{""args"":[{""name"":""volume"",""type"":""field""},{""type"":""number"",""value"":""1""}],""op"":""+"",""type"":""binary""}],""op"":""qlib:log"",""type"":""call""},{""type"":""number"",""value"":""30""}],""op"":""qlib:corr"",""type"":""call""}",qlib,NOT_VERIFIED,"[""qkg:record:7b385fc7-5167-5d2b-829d-6f4273565646""]"
qkg:formula:2cbc1054-ec7e-5d20-a1d2-97170948d5ff,"Ref($high, 16)/$close","/(qlib:delay($high,16),$close)","{""args"":[{""args"":[{""name"":""high"",""type"":""field""},{""type"":""number"",""value"":""16""}],""op"":""qlib:delay"",""type"":""call""},{""name"":""close"",""type"":""field""}],""op"":""/"",""type"":""binary""}",qlib,NOT_VERIFIED,"[""qkg:record:21315204-28a1-5ffb-9987-2d255ef9bae8""]"
qkg:formula:2cdcdf0f-b8b2-5b92-9ed1-d0ccca63a922,"Ref($vwap, 11)/$close","/(qlib:delay($vwap,11),$close)","{""args"":[{""args"":[{""name"":""vwap"",""type"":""field""},{""type"":""number"",""value"":""11""}],""op"":""qlib:delay"",""type"":""call""},{""name"":""close"",""type"":""field""}],""op"":""/"",""type"":""binary""}",qlib,NOT_VERIFIED,"[""qkg:record:3ff5c86c-a6fb-5c7c-8b11-7beaf4eb5ed9""]"
qkg:formula:2cf0a589-16c0-5803-b49b-6a0bbe618dfb,"Ref($high, 11)/$close","/(qlib:delay($high,11),$close)","{""args"":[{""args"":[{""name"":""high"",""type"":""field""},{""type"":""number"",""value"":""11""}],""op"":""qlib:delay"",""type"":""call""},{""name"":""close"",""type"":""field""}],""op"":""/"",""type"":""binary""}",qlib,NOT_VERIFIED,"[""qkg:record:630a1e58-1ccf-5734-9c3d-8b07c5b804ba""]"
qkg:formula:2d249bd3-cd1e-52ba-9013-5dc9522b461c,"Ref($close, 20)/$close","/(qlib:delay($close,20),$close)","{""args"":[{""args"":[{""name"":""close"",""type"":""field""},{""type"":""number"",""value"":""20""}],""op"":""qlib:delay"",""type"":""call""},{""name"":""close"",""type"":""field""}],""op"":""/"",""type"":""binary""}",qlib,NOT_VERIFIED,"[""qkg:record:a1b5b703-3d8a-57ae-b2ca-4f9c82c02f2e"",""qkg:record:e64e141e-87db-5563-a056-1d2f874cd10c""]"
qkg:formula:2d4eabc5-07df-59b0-ba29-9fc129606073,"Ref($close, 11)/$close","/(qlib:delay($close,11),$close)","{""args"":[{""args"":[{""name"":""close"",""type"":""field""},{""type"":""number"",""value"":""11""}],""op"":""qlib:delay"",""type"":""call""},{""name"":""close"",""type"":""field""}],""op"":""/"",""type"":""binary""}",qlib,NOT_VERIFIED,"[""qkg:record:f15d4e6d-eb39-5942-b450-3cca6b01bf84""]"
qkg:formula:2d7142da-264d-52ee-b9db-863ffdd5b386,"Ref($volume, 58)/($volume+1e-12)","/(qlib:delay($volume,58),+($volume,0.000000000001))","{""args"":[{""args"":[{""name"":""volume"",""type"":""field""},{""type"":""number"",""value"":""58""}],""op"":""qlib:delay"",""type"":""call""},{""args"":[{""name"":""volume"",""type"":""field""},{""type"":""number"",""value"":""0.000000000001""}],""op"":""+"",""type"":""binary""}],""op"":""/"",""type"":""binary""}",qlib,NOT_VERIFIED,"[""qkg:record:cc18f5a5-f0ca-5a03-9363-bef04311bd2f""]"
qkg:formula:2d7f47bc-8780-5543-b99c-a67a87870a04,"Rank($close, 10)","qlib:ts_rank($close,10)","{""args"":[{""name"":""close"",""type"":""field""},{""type"":""number"",""value"":""10""}],""op"":""qlib:ts_rank"",""type"":""call""}",qlib,NOT_VERIFIED,"[""qkg:record:e5bcb6a9-9e5e-5079-9ea0-800952e3334e""]"
qkg:formula:2dedc101-4fce-5a9f-859b-740c2b418e11,"Ref($low, 34)/$close","/(qlib:delay($low,34),$close)","{""args"":[{""args"":[{""name"":""low"",""type"":""field""},{""type"":""number"",""value"":""34""}],""op"":""qlib:delay"",""type"":""call""},{""name"":""close"",""type"":""field""}],""op"":""/"",""type"":""binary""}",qlib,NOT_VERIFIED,"[""qkg:record:ea64c87c-adab-57c7-a2ba-6cc20dfb77f5""]"
qkg:formula:2e89006c-0896-5e7b-bb5f-4485ff44ef7c,"Ref($open, 41)/$close","/(qlib:delay($open,41),$close)","{""args"":[{""args"":[{""name"":""open"",""type"":""field""},{""type"":""number"",""value"":""41""}],""op"":""qlib:delay"",""type"":""call""},{""name"":""close"",""type"":""field""}],""op"":""/"",""type"":""binary""}",qlib,NOT_VERIFIED,"[""qkg:record:fda57f3d-6314-52f2-856b-53c74d797323""]"
qkg:formula:2ee497d7-9979-539d-9fcc-775283234f12,"Ref($high, 12)/$close","/(qlib:delay($high,12),$close)","{""args"":[{""args"":[{""name"":""high"",""type"":""field""},{""type"":""number"",""value"":""12""}],""op"":""qlib:delay"",""type"":""call""},{""name"":""close"",""type"":""field""}],""op"":""/"",""type"":""binary""}",qlib,NOT_VERIFIED,"[""qkg:record:1f4743dc-1b86-5398-84be-b5c69888ff6d""]"
qkg:formula:301c08b3-31f8-5a38-9d8d-7687a07deb24,"Ref($low, 17)/$close","/(qlib:delay($low,17),$close)","{""args"":[{""args"":[{""name"":""low"",""type"":""field""},{""type"":""number"",""value"":""17""}],""op"":""qlib:delay"",""type"":""call""},{""name"":""close"",""type"":""field""}],""op"":""/"",""type"":""binary""}",qlib,NOT_VERIFIED,"[""qkg:record:d758c915-848f-59f8-adef-72b6aa78a681""]"
qkg:formula:307f2a85-b8dd-5221-8723-83b41a530216,"Ref($close, 55)/$close","/(qlib:delay($close,55),$close)","{""args"":[{""args"":[{""name"":""close"",""type"":""field""},{""type"":""number"",""value"":""55""}],""op"":""qlib:delay"",""type"":""call""},{""name"":""close"",""type"":""field""}],""op"":""/"",""type"":""binary""}",qlib,NOT_VERIFIED,"[""qkg:record:f581777f-573c-50c7-a8cb-09bbe8bbe4b8""]"
qkg:formula:308fb83c-0dcf-5253-986d-982daf76fd1e,"Ref($open, 49)/$close","/(qlib:delay($open,49),$close)","{""args"":[{""args"":[{""name"":""open"",""type"":""field""},{""type"":""number"",""value"":""49""}],""op"":""qlib:delay"",""type"":""call""},{""name"":""close"",""type"":""field""}],""op"":""/"",""type"":""binary""}",qlib,NOT_VERIFIED,"[""qkg:record:29dd1afe-a187-50e1-8f8e-dbeea446cf88""]"
qkg:formula:311630c2-32fb-5eb7-b960-cce4d29742c7,"Ref($high, 38)/$close","/(qlib:delay($high,38),$close)","{""args"":[{""args"":[{""name"":""high"",""type"":""field""},{""type"":""number"",""value"":""38""}],""op"":""qlib:delay"",""type"":""call""},{""name"":""close"",""type"":""field""}],""op"":""/"",""type"":""binary""}",qlib,NOT_VERIFIED,"[""qkg:record:72225ac2-65b8-5c92-85c3-6dc9e8fed15c""]"
qkg:formula:313837a7-a3c0-5433-b00f-b13d7d696a46,"Ref($low, 11)/$close","/(qlib:delay($low,11),$close)","{""args"":[{""args"":[{""name"":""low"",""type"":""field""},{""type"":""number"",""value"":""11""}],""op"":""qlib:delay"",""type"":""call""},{""name"":""close"",""type"":""field""}],""op"":""/"",""type"":""binary""}",qlib,NOT_VERIFIED,"[""qkg:record:bd35a944-a585-52a7-baf2-45137c3b126a""]"
qkg:formula:317c52b9-a188-5451-b858-fd049f4cbd2b,"Ref($high, 7)/$close","/(qlib:delay($high,7),$close)","{""args"":[{""args"":[{""name"":""high"",""type"":""field""},{""type"":""number"",""value"":""7""}],""op"":""qlib:delay"",""type"":""call""},{""name"":""close"",""type"":""field""}],""op"":""/"",""type"":""binary""}",qlib,NOT_VERIFIED,"[""qkg:record:dae75f80-06a3-5776-837a-133822c035bb""]"
qkg:formula:3211b069-f741-520a-8916-6aa3e0223106,"Std(Abs($close/Ref($close, 1)-1)*$volume, 20)/(Mean(Abs($close/Ref($close, 1)-1)*$volume, 20)+1e-12)","/(qlib:std(*(qlib:abs(-(/($close,qlib:delay($close,1)),1)),$volume),20),+(qlib:mean(*(qlib:abs(-(/($close,qlib:delay($close,1)),1)),$volume),20),0.000000000001))","{""args"":[{""args"":[{""args"":[{""args"":[{""args"":[{""args"":[{""name"":""close"",""type"":""field""},{""args"":[{""name"":""close"",""type"":""field""},{""type"":""number"",""value"":""1""}],""op"":""qlib:delay"",""type"":""call""}],""op"":""/"",""type"":""binary""},{""type"":""number"",""value"":""1""}],""op"":""-"",""type"":""binary""}],""op"":""qlib:abs"",""type"":""call""},{""name"":""volume"",""type"":""field""}],""op"":""*"",""type"":""binary""},{""type"":""number"",""value"":""20""}],""op"":""qlib:std"",""type"":""call""},{""args"":[{""args"":[{""args"":[{""args"":[{""args"":[{""args"":[{""name"":""close"",""type"":""field""},{""args"":[{""name"":""close"",""type"":""field""},{""type"":""number"",""value"":""1""}],""op"":""qlib:delay"",""type"":""call""}],""op"":""/"",""type"":""binary""},{""type"":""number"",""value"":""1""}],""op"":""-"",""type"":""binary""}],""op"":""qlib:abs"",""type"":""call""},{""name"":""volume"",""type"":""field""}],""op"":""*"",""type"":""binary""},{""type"":""number"",""value"":""20""}],""op"":""qlib:mean"",""type"":""call""},{""type"":""number"",""value"":""0.000000000001""}],""op"":""+"",""type"":""binary""}],""op"":""/"",""type"":""binary""}",qlib,NOT_VERIFIED,"[""qkg:record:2f9dffde-0e78-5ea0-aba2-6b6f1d5754c2""]"
qkg:formula:330c4a23-3cc4-5c5c-8bfe-b36453270adf,"Ref($vwap, 45)/$close","/(qlib:delay($vwap,45),$close)","{""args"":[{""args"":[{""name"":""vwap"",""type"":""field""},{""type"":""number"",""value"":""45""}],""op"":""qlib:delay"",""type"":""call""},{""name"":""close"",""type"":""field""}],""op"":""/"",""type"":""binary""}",qlib,NOT_VERIFIED,"[""qkg:record:2c6b4fa6-c5c2-5219-a227-16f88ac53bfd""]"
qkg:formula:33df32bb-47f4-523d-91b1-e851fed8a487,"Ref($volume, 40)/($volume+1e-12)","/(qlib:delay($volume,40),+($volume,0.000000000001))","{""args"":[{""args"":[{""name"":""volume"",""type"":""field""},{""type"":""number"",""value"":""40""}],""op"":""qlib:delay"",""type"":""call""},{""args"":[{""name"":""volume"",""type"":""field""},{""type"":""number"",""value"":""0.000000000001""}],""op"":""+"",""type"":""binary""}],""op"":""/"",""type"":""binary""}",qlib,NOT_VERIFIED,"[""qkg:record:1c25a9ac-d887-55db-ad3a-9215b33de042""]"
qkg:formula:358d611b-f4e1-5f99-a7a6-90f34cb7fb03,"Mean($close, 60)/$close","/(qlib:mean($close,60),$close)","{""args"":[{""args"":[{""name"":""close"",""type"":""field""},{""type"":""number"",""value"":""60""}],""op"":""qlib:mean"",""type"":""call""},{""name"":""close"",""type"":""field""}],""op"":""/"",""type"":""binary""}",qlib,NOT_VERIFIED,"[""qkg:record:1dfbb51d-73f8-59d7-811c-2ff98b4ef6e6""]"
qkg:formula:367a6d41-b35a-512d-98d8-8fcc5fc213ea,"Ref($volume, 56)/($volume+1e-12)","/(qlib:delay($volume,56),+($volume,0.000000000001))","{""args"":[{""args"":[{""name"":""volume"",""type"":""field""},{""type"":""number"",""value"":""56""}],""op"":""qlib:delay"",""type"":""call""},{""args"":[{""name"":""volume"",""type"":""field""},{""type"":""number"",""value"":""0.000000000001""}],""op"":""+"",""type"":""binary""}],""op"":""/"",""type"":""binary""}",qlib,NOT_VERIFIED,"[""qkg:record:08c0a15f-41dc-5666-b421-9278e7ff6151""]"
qkg:formula:368b3da3-bd27-5e9e-b812-52bb48c90da4,"Std($close, 5)/$close","/(qlib:std($close,5),$close)","{""args"":[{""args"":[{""name"":""close"",""type"":""field""},{""type"":""number"",""value"":""5""}],""op"":""qlib:std"",""type"":""call""},{""name"":""close"",""type"":""field""}],""op"":""/"",""type"":""binary""}",qlib,NOT_VERIFIED,"[""qkg:record:61d2f315-433f-5543-80d9-f80e48589401""]"
qkg:formula:369330db-69e9-55f5-a0e4-52bfa0ebf815,"Sum(Greater(Ref($close, 1)-$close, 0), 5)/(Sum(Abs($close-Ref($close, 1)), 5)+1e-12)","/(qlib:sum(qlib:elementwise_max(-(qlib:delay($close,1),$close),0),5),+(qlib:sum(qlib:abs(-($close,qlib:delay($close,1))),5),0.000000000001))","{""args"":[{""args"":[{""args"":[{""args"":[{""args"":[{""name"":""close"",""type"":""field""},{""type"":""number"",""value"":""1""}],""op"":""qlib:delay"",""type"":""call""},{""name"":""close"",""type"":""field""}],""op"":""-"",""type"":""binary""},{""type"":""number"",""value"":""0""}],""op"":""qlib:elementwise_max"",""type"":""call""},{""type"":""number"",""value"":""5""}],""op"":""qlib:sum"",""type"":""call""},{""args"":[{""args"":[{""args"":[{""args"":[{""name"":""close"",""type"":""field""},{""args"":[{""name"":""close"",""type"":""field""},{""type"":""number"",""value"":""1""}],""op"":""qlib:delay"",""type"":""call""}],""op"":""-"",""type"":""binary""}],""op"":""qlib:abs"",""type"":""call""},{""type"":""number"",""value"":""5""}],""op"":""qlib:sum"",""type"":""call""},{""type"":""number"",""value"":""0.000000000001""}],""op"":""+"",""type"":""binary""}],""op"":""/"",""type"":""binary""}",qlib,NOT_VERIFIED,"[""qkg:record:245d053d-e1aa-59ff-bae3-3b3021305c0f""]"
qkg:formula:36f66b76-33b9-5184-aab6-efeb1e954779,"Ref($close, 53)/$close","/(qlib:delay($close,53),$close)","{""args"":[{""args"":[{""name"":""close"",""type"":""field""},{""type"":""number"",""value"":""53""}],""op"":""qlib:delay"",""type"":""call""},{""name"":""close"",""type"":""field""}],""op"":""/"",""type"":""binary""}",qlib,NOT_VERIFIED,"[""qkg:record:65f0cf63-987b-5db6-8a4b-418fa23406c2""]"
qkg:formula:37100f98-9936-53fa-bc30-6e8c7628ca83,"Ref($open, 12)/$close","/(qlib:delay($open,12),$close)","{""args"":[{""args"":[{""name"":""open"",""type"":""field""},{""type"":""number"",""value"":""12""}],""op"":""qlib:delay"",""type"":""call""},{""name"":""close"",""type"":""field""}],""op"":""/"",""type"":""binary""}",qlib,NOT_VERIFIED,"[""qkg:record:f210fa2c-4479-550c-aba6-81a8546c4fda""]"
qkg:formula:39f888e9-9837-56b9-9822-9a1ce9028349,"Ref($close, 18)/$close","/(qlib:delay($close,18),$close)","{""args"":[{""args"":[{""name"":""close"",""type"":""field""},{""type"":""number"",""value"":""18""}],""op"":""qlib:delay"",""type"":""call""},{""name"":""close"",""type"":""field""}],""op"":""/"",""type"":""binary""}",qlib,NOT_VERIFIED,"[""qkg:record:e6519f23-62db-55cd-acf0-dd50d512de81""]"
qkg:formula:3a7f1ad1-34c8-57ad-91a8-6d63cf013aa2,"Ref($close, 21)/$close","/(qlib:delay($close,21),$close)","{""args"":[{""args"":[{""name"":""close"",""type"":""field""},{""type"":""number"",""value"":""21""}],""op"":""qlib:delay"",""type"":""call""},{""name"":""close"",""type"":""field""}],""op"":""/"",""type"":""binary""}",qlib,NOT_VERIFIED,"[""qkg:record:bf6cc09a-91d3-51b0-aa99-f00cb3d10c24""]"
qkg:formula:3acd036d-a569-511a-84eb-0ad44cf09b7e,"Ref($volume, 25)/($volume+1e-12)","/(qlib:delay($volume,25),+($volume,0.000000000001))","{""args"":[{""args"":[{""name"":""volume"",""type"":""field""},{""type"":""number"",""value"":""25""}],""op"":""qlib:delay"",""type"":""call""},{""args"":[{""name"":""volume"",""type"":""field""},{""type"":""number"",""value"":""0.000000000001""}],""op"":""+"",""type"":""binary""}],""op"":""/"",""type"":""binary""}",qlib,NOT_VERIFIED,"[""qkg:record:0daa74de-7173-517d-960a-848337155f9b""]"
qkg:formula:3b697edf-4ae6-52e2-91b9-9941379f513b,"Std($volume, 30)/($volume+1e-12)","/(qlib:std($volume,30),+($volume,0.000000000001))","{""args"":[{""args"":[{""name"":""volume"",""type"":""field""},{""type"":""number"",""value"":""30""}],""op"":""qlib:std"",""type"":""call""},{""args"":[{""name"":""volume"",""type"":""field""},{""type"":""number"",""value"":""0.000000000001""}],""op"":""+"",""type"":""binary""}],""op"":""/"",""type"":""binary""}",qlib,NOT_VERIFIED,"[""qkg:record:a27ec84e-99cf-53e7-99d7-095bfcec9dcc""]"
qkg:formula:3bfddee3-cf4d-5052-86c8-1561353de69e,"(Sum(Greater($volume-Ref($volume, 1), 0), 10)-Sum(Greater(Ref($volume, 1)-$volume, 0), 10))/(Sum(Abs($volume-Ref($volume, 1)), 10)+1e-12)","/(-(qlib:sum(qlib:elementwise_max(-($volume,qlib:delay($volume,1)),0),10),qlib:sum(qlib:elementwise_max(-(qlib:delay($volume,1),$volume),0),10)),+(qlib:sum(qlib:abs(-($volume,qlib:delay($volume,1))),10),0.000000000001))","{""args"":[{""args"":[{""args"":[{""args"":[{""args"":[{""name"":""volume"",""type"":""field""},{""args"":[{""name"":""volume"",""type"":""field""},{""type"":""number"",""value"":""1""}],""op"":""qlib:delay"",""type"":""call""}],""op"":""-"",""type"":""binary""},{""type"":""number"",""value"":""0""}],""op"":""qlib:elementwise_max"",""type"":""call""},{""type"":""number"",""value"":""10""}],""op"":""qlib:sum"",""type"":""call""},{""args"":[{""args"":[{""args"":[{""args"":[{""name"":""volume"",""type"":""field""},{""type"":""number"",""value"":""1""}],""op"":""qlib:delay"",""type"":""call""},{""name"":""volume"",""type"":""field""}],""op"":""-"",""type"":""binary""},{""type"":""number"",""value"":""0""}],""op"":""qlib:elementwise_max"",""type"":""call""},{""type"":""number"",""value"":""10""}],""op"":""qlib:sum"",""type"":""call""}],""op"":""-"",""type"":""binary""},{""args"":[{""args"":[{""args"":[{""args"":[{""name"":""volume"",""type"":""field""},{""args"":[{""name"":""volume"",""type"":""field""},{""type"":""number"",""value"":""1""}],""op"":""qlib:delay"",""type"":""call""}],""op"":""-"",""type"":""binary""}],""op"":""qlib:abs"",""type"":""call""},{""type"":""number"",""value"":""10""}],""op"":""qlib:sum"",""type"":""call""},{""type"":""number"",""value"":""0.000000000001""}],""op"":""+"",""type"":""binary""}],""op"":""/"",""type"":""binary""}",qlib,NOT_VERIFIED,"[""qkg:record:1e8e1fbd-5eb6-55c9-ba80-372f75268fdc""]"
qkg:formula:3c4d57ad-bbba-51b8-8c9a-75929b6967b9,"Ref($volume, 54)/($volume+1e-12)","/(qlib:delay($volume,54),+($volume,0.000000000001))","{""args"":[{""args"":[{""name"":""volume"",""type"":""field""},{""type"":""number"",""value"":""54""}],""op"":""qlib:delay"",""type"":""call""},{""args"":[{""name"":""volume"",""type"":""field""},{""type"":""number"",""value"":""0.000000000001""}],""op"":""+"",""type"":""binary""}],""op"":""/"",""type"":""binary""}",qlib,NOT_VERIFIED,"[""qkg:record:0b93c087-228e-52d2-9598-f30df7971511""]"
qkg:formula:3cdb1d65-a0ab-50d3-b0e6-e106483f3671,"Ref($high, 25)/$close","/(qlib:delay($high,25),$close)","{""args"":[{""args"":[{""name"":""high"",""type"":""field""},{""type"":""number"",""value"":""25""}],""op"":""qlib:delay"",""type"":""call""},{""name"":""close"",""type"":""field""}],""op"":""/"",""type"":""binary""}",qlib,NOT_VERIFIED,"[""qkg:record:ec5ae335-e9a0-5a7d-8307-69cedbb3e70a""]"
qkg:formula:3f2765fc-bcd7-5361-8523-3da723b372c3,"Ref($vwap, 37)/$close","/(qlib:delay($vwap,37),$close)","{""args"":[{""args"":[{""name"":""vwap"",""type"":""field""},{""type"":""number"",""value"":""37""}],""op"":""qlib:delay"",""type"":""call""},{""name"":""close"",""type"":""field""}],""op"":""/"",""type"":""binary""}",qlib,NOT_VERIFIED,"[""qkg:record:32ee96a3-18c9-5de8-8e04-79e3d0fa20c7""]"
qkg:formula:3f7816fd-95ce-5d26-a7a7-1d0d67ae67dd,$open/$close,"/($open,$close)","{""args"":[{""name"":""open"",""type"":""field""},{""name"":""close"",""type"":""field""}],""op"":""/"",""type"":""binary""}",qlib,NOT_VERIFIED,"[""qkg:record:19532b85-4315-54f3-9afb-88b84c547139"",""qkg:record:98750de3-d7be-5e62-8c82-99a45203cbe0""]"
qkg:formula:4021e32f-3e46-5ecd-9fa5-919267bf933e,"Ref($close, 25)/$close","/(qlib:delay($close,25),$close)","{""args"":[{""args"":[{""name"":""close"",""type"":""field""},{""type"":""number"",""value"":""25""}],""op"":""qlib:delay"",""type"":""call""},{""name"":""close"",""type"":""field""}],""op"":""/"",""type"":""binary""}",qlib,NOT_VERIFIED,"[""qkg:record:3f0bc0bf-bb2d-54ee-83a3-3b4794eddc87""]"
qkg:formula:40653f55-754b-5d60-814d-d65ea83a88bb,"Ref($vwap, 48)/$close","/(qlib:delay($vwap,48),$close)","{""args"":[{""args"":[{""name"":""vwap"",""type"":""field""},{""type"":""number"",""value"":""48""}],""op"":""qlib:delay"",""type"":""call""},{""name"":""close"",""type"":""field""}],""op"":""/"",""type"":""binary""}",qlib,NOT_VERIFIED,"[""qkg:record:1858e1ef-67a1-595c-bf9d-2e26b45f9ae0""]"
qkg:formula:40eb2f7a-c689-59ac-9f70-0f2841f4f0d9,"Resi($close, 20)/$close","/(qlib:resi($close,20),$close)","{""args"":[{""args"":[{""name"":""close"",""type"":""field""},{""type"":""number"",""value"":""20""}],""op"":""qlib:resi"",""type"":""call""},{""name"":""close"",""type"":""field""}],""op"":""/"",""type"":""binary""}",qlib,NOT_VERIFIED,"[""qkg:record:a086dfdd-3c93-53f6-9c0b-7d85751b40fa""]"
qkg:formula:40fa479d-e773-56c1-8247-53298e7d70ac,"Rsquare($close, 60)","qlib:rsquare($close,60)","{""args"":[{""name"":""close"",""type"":""field""},{""type"":""number"",""value"":""60""}],""op"":""qlib:rsquare"",""type"":""call""}",qlib,NOT_VERIFIED,"[""qkg:record:2c9051ba-beb5-5a57-8174-f35e49f63f5f""]"
qkg:formula:414df482-9d1b-5abd-8ba5-3065b87a5bfd,"Ref($high, 2)/$close","/(qlib:delay($high,2),$close)","{""args"":[{""args"":[{""name"":""high"",""type"":""field""},{""type"":""number"",""value"":""2""}],""op"":""qlib:delay"",""type"":""call""},{""name"":""close"",""type"":""field""}],""op"":""/"",""type"":""binary""}",qlib,NOT_VERIFIED,"[""qkg:record:7ee5afaf-5d84-5659-b07c-871c8e181e33""]"
qkg:formula:42cd7ceb-113c-570b-b9f2-56b53eedaae9,"Ref($close, 43)/$close","/(qlib:delay($close,43),$close)","{""args"":[{""args"":[{""name"":""close"",""type"":""field""},{""type"":""number"",""value"":""43""}],""op"":""qlib:delay"",""type"":""call""},{""name"":""close"",""type"":""field""}],""op"":""/"",""type"":""binary""}",qlib,NOT_VERIFIED,"[""qkg:record:c18b9873-8784-5f5d-a478-e05ea7fbdc06""]"
qkg:formula:43668853-9595-5cab-8507-b4e59b6a5639,"Ref($close, 56)/$close","/(qlib:delay($close,56),$close)","{""args"":[{""args"":[{""name"":""close"",""type"":""field""},{""type"":""number"",""value"":""56""}],""op"":""qlib:delay"",""type"":""call""},{""name"":""close"",""type"":""field""}],""op"":""/"",""type"":""binary""}",qlib,NOT_VERIFIED,"[""qkg:record:e2f3c85f-09bf-5ca8-a8c5-71cf8f7da80e""]"
qkg:formula:43cf826d-f001-5d19-ad51-2e9c4bcaed1b,"Ref($low, 20)/$close","/(qlib:delay($low,20),$close)","{""args"":[{""args"":[{""name"":""low"",""type"":""field""},{""type"":""number"",""value"":""20""}],""op"":""qlib:delay"",""type"":""call""},{""name"":""close"",""type"":""field""}],""op"":""/"",""type"":""binary""}",qlib,NOT_VERIFIED,"[""qkg:record:27f8697b-04b6-5ca4-8b25-24a08618a077""]"
qkg:formula:44872900-99b0-580a-821b-7ef4492870af,"Std($close, 10)/$close","/(qlib:std($close,10),$close)","{""args"":[{""args"":[{""name"":""close"",""type"":""field""},{""type"":""number"",""value"":""10""}],""op"":""qlib:std"",""type"":""call""},{""name"":""close"",""type"":""field""}],""op"":""/"",""type"":""binary""}",qlib,NOT_VERIFIED,"[""qkg:record:7e8bc335-5036-5def-b5c3-ebefd0f2dd21""]"
qkg:formula:46e6c28d-e156-5a75-b4ef-adab5dad79e0,"(IdxMax($high, 20)-IdxMin($low, 20))/20","/(-(qlib:ts_argmax($high,20),qlib:ts_argmin($low,20)),20)","{""args"":[{""args"":[{""args"":[{""name"":""high"",""type"":""field""},{""type"":""number"",""value"":""20""}],""op"":""qlib:ts_argmax"",""type"":""call""},{""args"":[{""name"":""low"",""type"":""field""},{""type"":""number"",""value"":""20""}],""op"":""qlib:ts_argmin"",""type"":""call""}],""op"":""-"",""type"":""binary""},{""type"":""number"",""value"":""20""}],""op"":""/"",""type"":""binary""}",qlib,NOT_VERIFIED,"[""qkg:record:d8d8fd79-4acb-5763-b4ad-fc7928c538dc""]"
qkg:formula:471ca1f0-95ae-51ce-8f33-431adc8a143b,"Ref($close, 60)/$close","/(qlib:delay($close,60),$close)","{""args"":[{""args"":[{""name"":""close"",""type"":""field""},{""type"":""number"",""value"":""60""}],""op"":""qlib:delay"",""type"":""call""},{""name"":""close"",""type"":""field""}],""op"":""/"",""type"":""binary""}",qlib,NOT_VERIFIED,"[""qkg:record:56f60d08-2f0d-58b2-a39b-bea45c5c4ab3""]"
qkg:formula:47617628-98ab-5f6f-a701-e475ff78308a,"Resi($close, 30)/$close","/(qlib:resi($close,30),$close)","{""args"":[{""args"":[{""name"":""close"",""type"":""field""},{""type"":""number"",""value"":""30""}],""op"":""qlib:resi"",""type"":""call""},{""name"":""close"",""type"":""field""}],""op"":""/"",""type"":""binary""}",qlib,NOT_VERIFIED,"[""qkg:record:4a48e580-ad6c-5571-a07b-3bc48e32d89f""]"
qkg:formula:479e3c02-fcd1-55ec-98d7-fef5f90fd737,"Ref($open, 37)/$close","/(qlib:delay($open,37),$close)","{""args"":[{""args"":[{""name"":""open"",""type"":""field""},{""type"":""number"",""value"":""37""}],""op"":""qlib:delay"",""type"":""call""},{""name"":""close"",""type"":""field""}],""op"":""/"",""type"":""binary""}",qlib,NOT_VERIFIED,"[""qkg:record:68c320e8-b14c-50b0-9bea-a6ea0e2163c6""]"
qkg:formula:4851d625-a650-5c81-b139-96c6c42eea95,"Slope($close, 30)/$close","/(qlib:slope($close,30),$close)","{""args"":[{""args"":[{""name"":""close"",""type"":""field""},{""type"":""number"",""value"":""30""}],""op"":""qlib:slope"",""type"":""call""},{""name"":""close"",""type"":""field""}],""op"":""/"",""type"":""binary""}",qlib,NOT_VERIFIED,"[""qkg:record:ff0bbfd2-ea34-5886-be48-8c9815f0e859""]"
qkg:formula:4866ddea-4ca5-5c6c-a2e5-ac47485a47dc,"Ref($vwap, 28)/$close","/(qlib:delay($vwap,28),$close)","{""args"":[{""args"":[{""name"":""vwap"",""type"":""field""},{""type"":""number"",""value"":""28""}],""op"":""qlib:delay"",""type"":""call""},{""name"":""close"",""type"":""field""}],""op"":""/"",""type"":""binary""}",qlib,NOT_VERIFIED,"[""qkg:record:b6a9097e-ae4c-5ef8-aaaa-3304a40d2999""]"
qkg:formula:486de2d0-c2e7-50d7-bc29-b618de661089,"Mean($close<Ref($close, 1), 10)","qlib:mean(compare[<]($close,qlib:delay($close,1)),10)","{""args"":[{""args"":[{""name"":""close"",""type"":""field""},{""args"":[{""name"":""close"",""type"":""field""},{""type"":""number"",""value"":""1""}],""op"":""qlib:delay"",""type"":""call""}],""ops"":[""<""],""type"":""compare""},{""type"":""number"",""value"":""10""}],""op"":""qlib:mean"",""type"":""call""}",qlib,NOT_VERIFIED,"[""qkg:record:0d9ed6e2-e039-5b75-aa1a-e737b812d877""]"
qkg:formula:48d2ecdb-db47-542a-8a40-cc3f664a08ef,"Ref($high, 28)/$close","/(qlib:delay($high,28),$close)","{""args"":[{""args"":[{""name"":""high"",""type"":""field""},{""type"":""number"",""value"":""28""}],""op"":""qlib:delay"",""type"":""call""},{""name"":""close"",""type"":""field""}],""op"":""/"",""type"":""binary""}",qlib,NOT_VERIFIED,"[""qkg:record:70b8aef3-6cc3-5d8c-8951-04fc7047ee5e""]"
qkg:formula:48e85b52-4957-5636-b24e-e48d8b0c5693,"($close-Min($low, 30))/(Max($high, 30)-Min($low, 30)+1e-12)","/(-($close,qlib:ts_min($low,30)),+(-(qlib:ts_max($high,30),qlib:ts_min($low,30)),0.000000000001))","{""args"":[{""args"":[{""name"":""close"",""type"":""field""},{""args"":[{""name"":""low"",""type"":""field""},{""type"":""number"",""value"":""30""}],""op"":""qlib:ts_min"",""type"":""call""}],""op"":""-"",""type"":""binary""},{""args"":[{""args"":[{""args"":[{""name"":""high"",""type"":""field""},{""type"":""number"",""value"":""30""}],""op"":""qlib:ts_max"",""type"":""call""},{""args"":[{""name"":""low"",""type"":""field""},{""type"":""number"",""value"":""30""}],""op"":""qlib:ts_min"",""type"":""call""}],""op"":""-"",""type"":""binary""},{""type"":""number"",""value"":""0.000000000001""}],""op"":""+"",""type"":""binary""}],""op"":""/"",""type"":""binary""}",qlib,NOT_VERIFIED,"[""qkg:record:a452c746-6703-5a05-9bf1-2ed4b3cd7908""]"
qkg:formula:49b11123-3a00-5e0b-a358-b91b11e15b70,"Ref($open, 13)/$close","/(qlib:delay($open,13),$close)","{""args"":[{""args"":[{""name"":""open"",""type"":""field""},{""type"":""number"",""value"":""13""}],""op"":""qlib:delay"",""type"":""call""},{""name"":""close"",""type"":""field""}],""op"":""/"",""type"":""binary""}",qlib,NOT_VERIFIED,"[""qkg:record:1d262060-44e7-5c9a-ba2a-945783d22181""]"
qkg:formula:4a285b19-21b4-5536-b81e-0c492ff7c83f,"Ref($close, 28)/$close","/(qlib:delay($close,28),$close)","{""args"":[{""args"":[{""name"":""close"",""type"":""field""},{""type"":""number"",""value"":""28""}],""op"":""qlib:delay"",""type"":""call""},{""name"":""close"",""type"":""field""}],""op"":""/"",""type"":""binary""}",qlib,NOT_VERIFIED,"[""qkg:record:6964387e-8624-5527-8221-2bd108ad44a5""]"
qkg:formula:4a47ff0b-1736-561c-9aaf-3546a5f806c9,"Ref($close, 54)/$close","/(qlib:delay($close,54),$close)","{""args"":[{""args"":[{""name"":""close"",""type"":""field""},{""type"":""number"",""value"":""54""}],""op"":""qlib:delay"",""type"":""call""},{""name"":""close"",""type"":""field""}],""op"":""/"",""type"":""binary""}",qlib,NOT_VERIFIED,"[""qkg:record:36b48773-259e-5509-b06a-581ea33d76f6""]"
qkg:formula:4b4add9e-8053-5da0-910b-f4e6b09d29ae,"Ref($close, 52)/$close","/(qlib:delay($close,52),$close)","{""args"":[{""args"":[{""name"":""close"",""type"":""field""},{""type"":""number"",""value"":""52""}],""op"":""qlib:delay"",""type"":""call""},{""name"":""close"",""type"":""field""}],""op"":""/"",""type"":""binary""}",qlib,NOT_VERIFIED,"[""qkg:record:c94521ad-e62e-54e5-9862-31f9bb1b3773""]"
qkg:formula:4bcd353f-d1f4-56fa-b746-e04ae5c9a5eb,"Ref($low, 32)/$close","/(qlib:delay($low,32),$close)","{""args"":[{""args"":[{""name"":""low"",""type"":""field""},{""type"":""number"",""value"":""32""}],""op"":""qlib:delay"",""type"":""call""},{""name"":""close"",""type"":""field""}],""op"":""/"",""type"":""binary""}",qlib,NOT_VERIFIED,"[""qkg:record:6c14d7d1-350a-5047-ac44-0ad785037643""]"
qkg:formula:4c10333e-79fc-5e0e-88b9-09a5a68a3ceb,"Ref($volume, 17)/($volume+1e-12)","/(qlib:delay($volume,17),+($volume,0.000000000001))","{""args"":[{""args"":[{""name"":""volume"",""type"":""field""},{""type"":""number"",""value"":""17""}],""op"":""qlib:delay"",""type"":""call""},{""args"":[{""name"":""volume"",""type"":""field""},{""type"":""number"",""value"":""0.000000000001""}],""op"":""+"",""type"":""binary""}],""op"":""/"",""type"":""binary""}",qlib,NOT_VERIFIED,"[""qkg:record:4897cdf3-6e50-5140-aae0-237e5eb99441""]"
qkg:formula:4d3e7207-1d29-5cb5-bdac-a03be3dea3ad,"Ref($low, 50)/$close","/(qlib:delay($low,50),$close)","{""args"":[{""args"":[{""name"":""low"",""type"":""field""},{""type"":""number"",""value"":""50""}],""op"":""qlib:delay"",""type"":""call""},{""name"":""close"",""type"":""field""}],""op"":""/"",""type"":""binary""}",qlib,NOT_VERIFIED,"[""qkg:record:ccfbc4ed-8ee8-57c1-ab05-e1bcabce8ce2""]"
qkg:formula:4d7c4b85-d827-559d-a0e9-d30c8f204f0a,"Quantile($close, 10, 0.2)/$close","/(qlib:quantile($close,10,0.2),$close)","{""args"":[{""args"":[{""name"":""close"",""type"":""field""},{""type"":""number"",""value"":""10""},{""type"":""number"",""value"":""0.2""}],""op"":""qlib:quantile"",""type"":""call""},{""name"":""close"",""type"":""field""}],""op"":""/"",""type"":""binary""}",qlib,NOT_VERIFIED,"[""qkg:record:5de935d8-8fb3-5412-ae1d-06a6946144a7""]"
qkg:formula:4d7ea846-e3ef-5f77-b03c-b667dc2010ab,"Ref($vwap, 46)/$close","/(qlib:delay($vwap,46),$close)","{""args"":[{""args"":[{""name"":""vwap"",""type"":""field""},{""type"":""number"",""value"":""46""}],""op"":""qlib:delay"",""type"":""call""},{""name"":""close"",""type"":""field""}],""op"":""/"",""type"":""binary""}",qlib,NOT_VERIFIED,"[""qkg:record:ffe220dc-2e88-50a4-9ac8-4c6ab03c6213""]"
qkg:formula:4d9e0e2c-24ad-541d-b839-f68be00763f0,"Ref($low, 48)/$close","/(qlib:delay($low,48),$close)","{""args"":[{""args"":[{""name"":""low"",""type"":""field""},{""type"":""number"",""value"":""48""}],""op"":""qlib:delay"",""type"":""call""},{""name"":""close"",""type"":""field""}],""op"":""/"",""type"":""binary""}",qlib,NOT_VERIFIED,"[""qkg:record:228f8471-a299-55d1-a01d-4ff7d7c57a34""]"
qkg:formula:4dbbaa1d-8b37-544c-8b5c-bfb95e2658b1,"Rank($close, 30)","qlib:ts_rank($close,30)","{""args"":[{""name"":""close"",""type"":""field""},{""type"":""number"",""value"":""30""}],""op"":""qlib:ts_rank"",""type"":""call""}",qlib,NOT_VERIFIED,"[""qkg:record:629c0621-75bb-5edd-94ba-1197b224a4de""]"
qkg:formula:4ea23c6d-7b1f-5c61-bb8e-600e59f350f0,"Ref($low, 16)/$close","/(qlib:delay($low,16),$close)","{""args"":[{""args"":[{""name"":""low"",""type"":""field""},{""type"":""number"",""value"":""16""}],""op"":""qlib:delay"",""type"":""call""},{""name"":""close"",""type"":""field""}],""op"":""/"",""type"":""binary""}",qlib,NOT_VERIFIED,"[""qkg:record:bcc734c4-edb2-5491-a70a-457464309893""]"
qkg:formula:4ea5a24a-1244-55d5-a187-4686cac8e781,"Ref($low, 40)/$close","/(qlib:delay($low,40),$close)","{""args"":[{""args"":[{""name"":""low"",""type"":""field""},{""type"":""number"",""value"":""40""}],""op"":""qlib:delay"",""type"":""call""},{""name"":""close"",""type"":""field""}],""op"":""/"",""type"":""binary""}",qlib,NOT_VERIFIED,"[""qkg:record:e9cfd3a4-ec1c-5120-a6e9-85cb2605899e""]"
qkg:formula:5009cecd-c86b-5bb3-9150-2f64b7c5d167,"IdxMin($low, 20)/20","/(qlib:ts_argmin($low,20),20)","{""args"":[{""args"":[{""name"":""low"",""type"":""field""},{""type"":""number"",""value"":""20""}],""op"":""qlib:ts_argmin"",""type"":""call""},{""type"":""number"",""value"":""20""}],""op"":""/"",""type"":""binary""}",qlib,NOT_VERIFIED,"[""qkg:record:ce103ae1-1c53-5d61-bdf2-b4be4f1663d1""]"
qkg:formula:502c9875-4015-5149-b8ac-95ce1bc59ef5,"Mean($close>Ref($close, 1), 20)-Mean($close<Ref($close, 1), 20)","-(qlib:mean(compare[>]($close,qlib:delay($close,1)),20),qlib:mean(compare[<]($close,qlib:delay($close,1)),20))","{""args"":[{""args"":[{""args"":[{""name"":""close"",""type"":""field""},{""args"":[{""name"":""close"",""type"":""field""},{""type"":""number"",""value"":""1""}],""op"":""qlib:delay"",""type"":""call""}],""ops"":["">""],""type"":""compare""},{""type"":""number"",""value"":""20""}],""op"":""qlib:mean"",""type"":""call""},{""args"":[{""args"":[{""name"":""close"",""type"":""field""},{""args"":[{""name"":""close"",""type"":""field""},{""type"":""number"",""value"":""1""}],""op"":""qlib:delay"",""type"":""call""}],""ops"":[""<""],""type"":""compare""},{""type"":""number"",""value"":""20""}],""op"":""qlib:mean"",""type"":""call""}],""op"":""-"",""type"":""binary""}",qlib,NOT_VERIFIED,"[""qkg:record:7d01233f-34ea-5e1d-9ffb-306f2f3a6c6d""]"
qkg:formula:50abb2a9-b4a7-5a97-92d6-68ed1fecb31d,"Ref($volume, 35)/($volume+1e-12)","/(qlib:delay($volume,35),+($volume,0.000000000001))","{""args"":[{""args"":[{""name"":""volume"",""type"":""field""},{""type"":""number"",""value"":""35""}],""op"":""qlib:delay"",""type"":""call""},{""args"":[{""name"":""volume"",""type"":""field""},{""type"":""number"",""value"":""0.000000000001""}],""op"":""+"",""type"":""binary""}],""op"":""/"",""type"":""binary""}",qlib,NOT_VERIFIED,"[""qkg:record:f6a5a687-c932-5573-94fb-a98dc14fafcc""]"
qkg:formula:5123bf69-7e08-5861-8768-a7ab72136cb3,"Ref($low, 23)/$close","/(qlib:delay($low,23),$close)","{""args"":[{""args"":[{""name"":""low"",""type"":""field""},{""type"":""number"",""value"":""23""}],""op"":""qlib:delay"",""type"":""call""},{""name"":""close"",""type"":""field""}],""op"":""/"",""type"":""binary""}",qlib,NOT_VERIFIED,"[""qkg:record:64d5be6f-6e82-5b73-9ba4-da86b0ec3396""]"
qkg:formula:518656d3-0b62-5427-98f4-7604d3cde79f,"Sum(Greater($volume-Ref($volume, 1), 0), 30)/(Sum(Abs($volume-Ref($volume, 1)), 30)+1e-12)","/(qlib:sum(qlib:elementwise_max(-($volume,qlib:delay($volume,1)),0),30),+(qlib:sum(qlib:abs(-($volume,qlib:delay($volume,1))),30),0.000000000001))","{""args"":[{""args"":[{""args"":[{""args"":[{""name"":""volume"",""type"":""field""},{""args"":[{""name"":""volume"",""type"":""field""},{""type"":""number"",""value"":""1""}],""op"":""qlib:delay"",""type"":""call""}],""op"":""-"",""type"":""binary""},{""type"":""number"",""value"":""0""}],""op"":""qlib:elementwise_max"",""type"":""call""},{""type"":""number"",""value"":""30""}],""op"":""qlib:sum"",""type"":""call""},{""args"":[{""args"":[{""args"":[{""args"":[{""name"":""volume"",""type"":""field""},{""args"":[{""name"":""volume"",""type"":""field""},{""type"":""number"",""value"":""1""}],""op"":""qlib:delay"",""type"":""call""}],""op"":""-"",""type"":""binary""}],""op"":""qlib:abs"",""type"":""call""},{""type"":""number"",""value"":""30""}],""op"":""qlib:sum"",""type"":""call""},{""type"":""number"",""value"":""0.000000000001""}],""op"":""+"",""type"":""binary""}],""op"":""/"",""type"":""binary""}",qlib,NOT_VERIFIED,"[""qkg:record:11ebffb8-0495-50da-b669-678ab4baa713""]"
qkg:formula:51d3d0d3-c12e-579c-bb29-b86c5949bfc3,"Ref($close, 26)/$close","/(qlib:delay($close,26),$close)","{""args"":[{""args"":[{""name"":""close"",""type"":""field""},{""type"":""number"",""value"":""26""}],""op"":""qlib:delay"",""type"":""call""},{""name"":""close"",""type"":""field""}],""op"":""/"",""type"":""binary""}",qlib,NOT_VERIFIED,"[""qkg:record:eb30cb8e-511e-5b8e-bc77-711fb3b0b5cd""]"
qkg:formula:51dac790-759f-5bbd-a234-200b3b854a44,"Ref($close, 19)/$close","/(qlib:delay($close,19),$close)","{""args"":[{""args"":[{""name"":""close"",""type"":""field""},{""type"":""number"",""value"":""19""}],""op"":""qlib:delay"",""type"":""call""},{""name"":""close"",""type"":""field""}],""op"":""/"",""type"":""binary""}",qlib,NOT_VERIFIED,"[""qkg:record:6ed9ef78-ca3d-5761-a33f-37d28bf5568e""]"
qkg:formula:52365faf-eae1-5d8b-b9e5-79b8d1289248,"Ref($high, 1)/$close","/(qlib:delay($high,1),$close)","{""args"":[{""args"":[{""name"":""high"",""type"":""field""},{""type"":""number"",""value"":""1""}],""op"":""qlib:delay"",""type"":""call""},{""name"":""close"",""type"":""field""}],""op"":""/"",""type"":""binary""}",qlib,NOT_VERIFIED,"[""qkg:record:a35c1c30-04c7-53ac-a82f-8ee3a89ca155""]"
qkg:formula:5258c862-6df4-5237-842a-7286b2f30670,"Ref($vwap, 19)/$close","/(qlib:delay($vwap,19),$close)","{""args"":[{""args"":[{""name"":""vwap"",""type"":""field""},{""type"":""number"",""value"":""19""}],""op"":""qlib:delay"",""type"":""call""},{""name"":""close"",""type"":""field""}],""op"":""/"",""type"":""binary""}",qlib,NOT_VERIFIED,"[""qkg:record:5f3a25f5-daed-5e78-aa56-2c490e27d7dc""]"
qkg:formula:52a0d64e-1e4b-5934-858c-1b3c4eb18a6c,"Mean($close, 5)/$close","/(qlib:mean($close,5),$close)","{""args"":[{""args"":[{""name"":""close"",""type"":""field""},{""type"":""number"",""value"":""5""}],""op"":""qlib:mean"",""type"":""call""},{""name"":""close"",""type"":""field""}],""op"":""/"",""type"":""binary""}",qlib,NOT_VERIFIED,"[""qkg:record:f6107993-5913-577f-8680-b94804778856""]"
qkg:formula:52cc2513-83e0-5e32-8b5a-b0b89fa0dd44,"Ref($vwap, 40)/$close","/(qlib:delay($vwap,40),$close)","{""args"":[{""args"":[{""name"":""vwap"",""type"":""field""},{""type"":""number"",""value"":""40""}],""op"":""qlib:delay"",""type"":""call""},{""name"":""close"",""type"":""field""}],""op"":""/"",""type"":""binary""}",qlib,NOT_VERIFIED,"[""qkg:record:1cb5f66f-1742-5ad6-a844-0c091f92d07e""]"
qkg:formula:53263a8f-dfd5-57f7-a218-8e4a1c8da554,"Ref($close, 36)/$close","/(qlib:delay($close,36),$close)","{""args"":[{""args"":[{""name"":""close"",""type"":""field""},{""type"":""number"",""value"":""36""}],""op"":""qlib:delay"",""type"":""call""},{""name"":""close"",""type"":""field""}],""op"":""/"",""type"":""binary""}",qlib,NOT_VERIFIED,"[""qkg:record:294417fb-400f-5ab6-accc-6e15bbc99189""]"
qkg:formula:5343c518-00a2-5fa0-8e73-ab66b899e0c7,"Ref($open, 43)/$close","/(qlib:delay($open,43),$close)","{""args"":[{""args"":[{""name"":""open"",""type"":""field""},{""type"":""number"",""value"":""43""}],""op"":""qlib:delay"",""type"":""call""},{""name"":""close"",""type"":""field""}],""op"":""/"",""type"":""binary""}",qlib,NOT_VERIFIED,"[""qkg:record:60e10772-08a6-55df-890d-bbf8ce21b1b9""]"
qkg:formula:53a52b5d-c895-51f7-9811-d402510401f9,"Mean($close>Ref($close, 1), 30)-Mean($close<Ref($close, 1), 30)","-(qlib:mean(compare[>]($close,qlib:delay($close,1)),30),qlib:mean(compare[<]($close,qlib:delay($close,1)),30))","{""args"":[{""args"":[{""args"":[{""name"":""close"",""type"":""field""},{""args"":[{""name"":""close"",""type"":""field""},{""type"":""number"",""value"":""1""}],""op"":""qlib:delay"",""type"":""call""}],""ops"":["">""],""type"":""compare""},{""type"":""number"",""value"":""30""}],""op"":""qlib:mean"",""type"":""call""},{""args"":[{""args"":[{""name"":""close"",""type"":""field""},{""args"":[{""name"":""close"",""type"":""field""},{""type"":""number"",""value"":""1""}],""op"":""qlib:delay"",""type"":""call""}],""ops"":[""<""],""type"":""compare""},{""type"":""number"",""value"":""30""}],""op"":""qlib:mean"",""type"":""call""}],""op"":""-"",""type"":""binary""}",qlib,NOT_VERIFIED,"[""qkg:record:e57db6f7-e4e9-5f14-a5a1-b0d0a229c8d8""]"
qkg:formula:540dc68a-f0a2-57bf-9046-001b7045f5cc,"Ref($vwap, 1)/$close","/(qlib:delay($vwap,1),$close)","{""args"":[{""args"":[{""name"":""vwap"",""type"":""field""},{""type"":""number"",""value"":""1""}],""op"":""qlib:delay"",""type"":""call""},{""name"":""close"",""type"":""field""}],""op"":""/"",""type"":""binary""}",qlib,NOT_VERIFIED,"[""qkg:record:a5278a63-b33d-5914-8868-f1adc40623be""]"
qkg:formula:5437e90c-f56b-5fa6-86c0-2cc8f7b09d1d,"Ref($vwap, 17)/$close","/(qlib:delay($vwap,17),$close)","{""args"":[{""args"":[{""name"":""vwap"",""type"":""field""},{""type"":""number"",""value"":""17""}],""op"":""qlib:delay"",""type"":""call""},{""name"":""close"",""type"":""field""}],""op"":""/"",""type"":""binary""}",qlib,NOT_VERIFIED,"[""qkg:record:1ab1559f-0035-58f0-9747-e510719092a2""]"
qkg:formula:560c7bd6-41f0-52f8-b90c-fec9551c6e91,"Ref($volume, 41)/($volume+1e-12)","/(qlib:delay($volume,41),+($volume,0.000000000001))","{""args"":[{""args"":[{""name"":""volume"",""type"":""field""},{""type"":""number"",""value"":""41""}],""op"":""qlib:delay"",""type"":""call""},{""args"":[{""name"":""volume"",""type"":""field""},{""type"":""number"",""value"":""0.000000000001""}],""op"":""+"",""type"":""binary""}],""op"":""/"",""type"":""binary""}",qlib,NOT_VERIFIED,"[""qkg:record:0d483538-956c-57c4-adae-6938ade51356""]"
qkg:formula:562a1d0c-95f3-54a2-9d4c-266a2672a407,"Ref($vwap, 30)/$close","/(qlib:delay($vwap,30),$close)","{""args"":[{""args"":[{""name"":""vwap"",""type"":""field""},{""type"":""number"",""value"":""30""}],""op"":""qlib:delay"",""type"":""call""},{""name"":""close"",""type"":""field""}],""op"":""/"",""type"":""binary""}",qlib,NOT_VERIFIED,"[""qkg:record:1f45de1d-ec65-5a36-b6e5-c9a1b75aecd7""]"
qkg:formula:567cdf03-6879-5afb-9b9d-efe90c29e7b4,"Mean($close>Ref($close, 1), 60)","qlib:mean(compare[>]($close,qlib:delay($close,1)),60)","{""args"":[{""args"":[{""name"":""close"",""type"":""field""},{""args"":[{""name"":""close"",""type"":""field""},{""type"":""number"",""value"":""1""}],""op"":""qlib:delay"",""type"":""call""}],""ops"":["">""],""type"":""compare""},{""type"":""number"",""value"":""60""}],""op"":""qlib:mean"",""type"":""call""}",qlib,NOT_VERIFIED,"[""qkg:record:7093beee-cf07-5536-b10a-f3f11df5bc62""]"
qkg:formula:5702c557-74a7-5566-b688-994da2ab0943,"Ref($vwap, 52)/$close","/(qlib:delay($vwap,52),$close)","{""args"":[{""args"":[{""name"":""vwap"",""type"":""field""},{""type"":""number"",""value"":""52""}],""op"":""qlib:delay"",""type"":""call""},{""name"":""close"",""type"":""field""}],""op"":""/"",""type"":""binary""}",qlib,NOT_VERIFIED,"[""qkg:record:dc422b26-fbbd-5f83-bd72-ab3017310ccd""]"
qkg:formula:577c93df-f0c6-5aaf-96a3-bbfc7f24796e,"Ref($volume, 27)/($volume+1e-12)","/(qlib:delay($volume,27),+($volume,0.000000000001))","{""args"":[{""args"":[{""name"":""volume"",""type"":""field""},{""type"":""number"",""value"":""27""}],""op"":""qlib:delay"",""type"":""call""},{""args"":[{""name"":""volume"",""type"":""field""},{""type"":""number"",""value"":""0.000000000001""}],""op"":""+"",""type"":""binary""}],""op"":""/"",""type"":""binary""}",qlib,NOT_VERIFIED,"[""qkg:record:bce0773f-e3e9-5cb3-b56a-623b6937c550""]"
qkg:formula:57877096-ca5c-5ed6-9305-e48969d797f1,"Ref($low, 9)/$close","/(qlib:delay($low,9),$close)","{""args"":[{""args"":[{""name"":""low"",""type"":""field""},{""type"":""number"",""value"":""9""}],""op"":""qlib:delay"",""type"":""call""},{""name"":""close"",""type"":""field""}],""op"":""/"",""type"":""binary""}",qlib,NOT_VERIFIED,"[""qkg:record:f8852fcb-ec53-51db-8675-6f3670ea717d""]"
qkg:formula:57c48b0e-ff7a-5fe8-9e77-b1e9e9b9e25c,"Ref($volume, 32)/($volume+1e-12)","/(qlib:delay($volume,32),+($volume,0.000000000001))","{""args"":[{""args"":[{""name"":""volume"",""type"":""field""},{""type"":""number"",""value"":""32""}],""op"":""qlib:delay"",""type"":""call""},{""args"":[{""name"":""volume"",""type"":""field""},{""type"":""number"",""value"":""0.000000000001""}],""op"":""+"",""type"":""binary""}],""op"":""/"",""type"":""binary""}",qlib,NOT_VERIFIED,"[""qkg:record:78c346c5-cd00-5ace-ab1c-85f6c094ef5b""]"
qkg:formula:5825dd78-332f-54a9-8c10-50d5f68c9ea8,"Mean($volume, 10)/($volume+1e-12)","/(qlib:mean($volume,10),+($volume,0.000000000001))","{""args"":[{""args"":[{""name"":""volume"",""type"":""field""},{""type"":""number"",""value"":""10""}],""op"":""qlib:mean"",""type"":""call""},{""args"":[{""name"":""volume"",""type"":""field""},{""type"":""number"",""value"":""0.000000000001""}],""op"":""+"",""type"":""binary""}],""op"":""/"",""type"":""binary""}",qlib,NOT_VERIFIED,"[""qkg:record:8849683b-1e4c-5362-bbdc-92ba3015a251""]"
qkg:formula:58a371af-fdd4-59e5-a88f-25e11042a3df,"IdxMax($high, 5)/5","/(qlib:ts_argmax($high,5),5)","{""args"":[{""args"":[{""name"":""high"",""type"":""field""},{""type"":""number"",""value"":""5""}],""op"":""qlib:ts_argmax"",""type"":""call""},{""type"":""number"",""value"":""5""}],""op"":""/"",""type"":""binary""}",qlib,NOT_VERIFIED,"[""qkg:record:61469aa5-dfd3-5bac-a248-64f0978e8c70""]"
qkg:formula:5979ffbf-83a7-5610-b023-62c7bb90a440,"Ref($high, 8)/$close","/(qlib:delay($high,8),$close)","{""args"":[{""args"":[{""name"":""high"",""type"":""field""},{""type"":""number"",""value"":""8""}],""op"":""qlib:delay"",""type"":""call""},{""name"":""close"",""type"":""field""}],""op"":""/"",""type"":""binary""}",qlib,NOT_VERIFIED,"[""qkg:record:856db21e-97b5-5f81-9636-ca3e5fa2d1c3""]"
qkg:formula:5a8f6ee7-b12e-566a-901c-6407d38a4d80,"Sum(Greater(Ref($close, 1)-$close, 0), 60)/(Sum(Abs($close-Ref($close, 1)), 60)+1e-12)","/(qlib:sum(qlib:elementwise_max(-(qlib:delay($close,1),$close),0),60),+(qlib:sum(qlib:abs(-($close,qlib:delay($close,1))),60),0.000000000001))","{""args"":[{""args"":[{""args"":[{""args"":[{""args"":[{""name"":""close"",""type"":""field""},{""type"":""number"",""value"":""1""}],""op"":""qlib:delay"",""type"":""call""},{""name"":""close"",""type"":""field""}],""op"":""-"",""type"":""binary""},{""type"":""number"",""value"":""0""}],""op"":""qlib:elementwise_max"",""type"":""call""},{""type"":""number"",""value"":""60""}],""op"":""qlib:sum"",""type"":""call""},{""args"":[{""args"":[{""args"":[{""args"":[{""name"":""close"",""type"":""field""},{""args"":[{""name"":""close"",""type"":""field""},{""type"":""number"",""value"":""1""}],""op"":""qlib:delay"",""type"":""call""}],""op"":""-"",""type"":""binary""}],""op"":""qlib:abs"",""type"":""call""},{""type"":""number"",""value"":""60""}],""op"":""qlib:sum"",""type"":""call""},{""type"":""number"",""value"":""0.000000000001""}],""op"":""+"",""type"":""binary""}],""op"":""/"",""type"":""binary""}",qlib,NOT_VERIFIED,"[""qkg:record:952fc5a5-af02-5d04-8d68-60d7f9e2fe7a""]"
qkg:formula:5ac12af3-21ab-5729-8b95-f2ccba5b1848,"Ref($open, 14)/$close","/(qlib:delay($open,14),$close)","{""args"":[{""args"":[{""name"":""open"",""type"":""field""},{""type"":""number"",""value"":""14""}],""op"":""qlib:delay"",""type"":""call""},{""name"":""close"",""type"":""field""}],""op"":""/"",""type"":""binary""}",qlib,NOT_VERIFIED,"[""qkg:record:dae19e79-7287-5076-862e-e2ccefa75d05""]"
qkg:formula:5ac98339-ad5b-54a2-a45f-dc106d554f67,"Ref($close, 45)/$close","/(qlib:delay($close,45),$close)","{""args"":[{""args"":[{""name"":""close"",""type"":""field""},{""type"":""number"",""value"":""45""}],""op"":""qlib:delay"",""type"":""call""},{""name"":""close"",""type"":""field""}],""op"":""/"",""type"":""binary""}",qlib,NOT_VERIFIED,"[""qkg:record:8bd06218-e134-56b7-bce5-a4c27ba300ab""]"
qkg:formula:5b1531e5-de41-51f6-be58-3e434b11d389,"Rsquare($close, 30)","qlib:rsquare($close,30)","{""args"":[{""name"":""close"",""type"":""field""},{""type"":""number"",""value"":""30""}],""op"":""qlib:rsquare"",""type"":""call""}",qlib,NOT_VERIFIED,"[""qkg:record:25b3d5cb-e230-5f46-aa5a-b3a19fe10854""]"
qkg:formula:5bb63fbb-3c4a-521b-98e6-862f09c58bb0,"Ref($open, 6)/$close","/(qlib:delay($open,6),$close)","{""args"":[{""args"":[{""name"":""open"",""type"":""field""},{""type"":""number"",""value"":""6""}],""op"":""qlib:delay"",""type"":""call""},{""name"":""close"",""type"":""field""}],""op"":""/"",""type"":""binary""}",qlib,NOT_VERIFIED,"[""qkg:record:eebf86cd-1900-5ac5-aa71-2dc56acd5d6b""]"
qkg:formula:5bbcdd14-d978-586f-bff1-965d2f465b21,"Ref($close, 38)/$close","/(qlib:delay($close,38),$close)","{""args"":[{""args"":[{""name"":""close"",""type"":""field""},{""type"":""number"",""value"":""38""}],""op"":""qlib:delay"",""type"":""call""},{""name"":""close"",""type"":""field""}],""op"":""/"",""type"":""binary""}",qlib,NOT_VERIFIED,"[""qkg:record:d997e7c3-5f5e-54ee-b943-e30319a6d734""]"
qkg:formula:5c8862cd-aea1-53c0-9502-e9f8d6453311,"Ref($volume, 2)/($volume+1e-12)","/(qlib:delay($volume,2),+($volume,0.000000000001))","{""args"":[{""args"":[{""name"":""volume"",""type"":""field""},{""type"":""number"",""value"":""2""}],""op"":""qlib:delay"",""type"":""call""},{""args"":[{""name"":""volume"",""type"":""field""},{""type"":""number"",""value"":""0.000000000001""}],""op"":""+"",""type"":""binary""}],""op"":""/"",""type"":""binary""}",qlib,NOT_VERIFIED,"[""qkg:record:20c10ace-e250-5e77-a20c-59d746e25c72""]"
qkg:formula:5c9cd579-8a21-5fc2-803d-a558a4d04266,"Ref($volume, 34)/($volume+1e-12)","/(qlib:delay($volume,34),+($volume,0.000000000001))","{""args"":[{""args"":[{""name"":""volume"",""type"":""field""},{""type"":""number"",""value"":""34""}],""op"":""qlib:delay"",""type"":""call""},{""args"":[{""name"":""volume"",""type"":""field""},{""type"":""number"",""value"":""0.000000000001""}],""op"":""+"",""type"":""binary""}],""op"":""/"",""type"":""binary""}",qlib,NOT_VERIFIED,"[""qkg:record:3872538e-cac9-5c79-810c-dd4f63800824""]"
qkg:formula:5cadb465-ae84-5c55-83aa-63050a70c88c,"Ref($close, 33)/$close","/(qlib:delay($close,33),$close)","{""args"":[{""args"":[{""name"":""close"",""type"":""field""},{""type"":""number"",""value"":""33""}],""op"":""qlib:delay"",""type"":""call""},{""name"":""close"",""type"":""field""}],""op"":""/"",""type"":""binary""}",qlib,NOT_VERIFIED,"[""qkg:record:2509d5e1-f84c-529b-bece-74a236fffce7""]"
qkg:formula:5ccb9932-c30b-5754-b18b-32bd714c52de,"Ref($volume, 38)/($volume+1e-12)","/(qlib:delay($volume,38),+($volume,0.000000000001))","{""args"":[{""args"":[{""name"":""volume"",""type"":""field""},{""type"":""number"",""value"":""38""}],""op"":""qlib:delay"",""type"":""call""},{""args"":[{""name"":""volume"",""type"":""field""},{""type"":""number"",""value"":""0.000000000001""}],""op"":""+"",""type"":""binary""}],""op"":""/"",""type"":""binary""}",qlib,NOT_VERIFIED,"[""qkg:record:cb5ea23b-feb7-5982-b36e-c61205b7f745""]"
qkg:formula:5cd4dd2f-a602-59f2-bb32-ae349aad63c6,"Mean($close>Ref($close, 1), 10)","qlib:mean(compare[>]($close,qlib:delay($close,1)),10)","{""args"":[{""args"":[{""name"":""close"",""type"":""field""},{""args"":[{""name"":""close"",""type"":""field""},{""type"":""number"",""value"":""1""}],""op"":""qlib:delay"",""type"":""call""}],""ops"":["">""],""type"":""compare""},{""type"":""number"",""value"":""10""}],""op"":""qlib:mean"",""type"":""call""}",qlib,NOT_VERIFIED,"[""qkg:record:4d0e0a9d-06c5-5d39-ac79-032673800c92""]"
qkg:formula:5cf8be8f-4e2a-513f-b3ae-797d1c2b326e,"Ref($low, 3)/$close","/(qlib:delay($low,3),$close)","{""args"":[{""args"":[{""name"":""low"",""type"":""field""},{""type"":""number"",""value"":""3""}],""op"":""qlib:delay"",""type"":""call""},{""name"":""close"",""type"":""field""}],""op"":""/"",""type"":""binary""}",qlib,NOT_VERIFIED,"[""qkg:record:82be2f8e-a20c-5190-8a33-7eb6d983446d""]"
qkg:formula:5d7a909e-ade3-588c-ad25-cfa9c37ebdac,"Ref($high, 59)/$close","/(qlib:delay($high,59),$close)","{""args"":[{""args"":[{""name"":""high"",""type"":""field""},{""type"":""number"",""value"":""59""}],""op"":""qlib:delay"",""type"":""call""},{""name"":""close"",""type"":""field""}],""op"":""/"",""type"":""binary""}",qlib,NOT_VERIFIED,"[""qkg:record:d9c1d0e7-a104-5fab-9a81-3c29f2a56d27""]"
qkg:formula:5e7f5d38-2bf6-594b-9a93-5a338c1b8e34,"Sum(Greater(Ref($volume, 1)-$volume, 0), 10)/(Sum(Abs($volume-Ref($volume, 1)), 10)+1e-12)","/(qlib:sum(qlib:elementwise_max(-(qlib:delay($volume,1),$volume),0),10),+(qlib:sum(qlib:abs(-($volume,qlib:delay($volume,1))),10),0.000000000001))","{""args"":[{""args"":[{""args"":[{""args"":[{""args"":[{""name"":""volume"",""type"":""field""},{""type"":""number"",""value"":""1""}],""op"":""qlib:delay"",""type"":""call""},{""name"":""volume"",""type"":""field""}],""op"":""-"",""type"":""binary""},{""type"":""number"",""value"":""0""}],""op"":""qlib:elementwise_max"",""type"":""call""},{""type"":""number"",""value"":""10""}],""op"":""qlib:sum"",""type"":""call""},{""args"":[{""args"":[{""args"":[{""args"":[{""name"":""volume"",""type"":""field""},{""args"":[{""name"":""volume"",""type"":""field""},{""type"":""number"",""value"":""1""}],""op"":""qlib:delay"",""type"":""call""}],""op"":""-"",""type"":""binary""}],""op"":""qlib:abs"",""type"":""call""},{""type"":""number"",""value"":""10""}],""op"":""qlib:sum"",""type"":""call""},{""type"":""number"",""value"":""0.000000000001""}],""op"":""+"",""type"":""binary""}],""op"":""/"",""type"":""binary""}",qlib,NOT_VERIFIED,"[""qkg:record:5c48e45b-39c3-5d09-b296-2f069a0000f6""]"
qkg:formula:5ea5b2c9-43fd-5a15-bcf9-ecdf317ce3b0,"Ref($high, 51)/$close","/(qlib:delay($high,51),$close)","{""args"":[{""args"":[{""name"":""high"",""type"":""field""},{""type"":""number"",""value"":""51""}],""op"":""qlib:delay"",""type"":""call""},{""name"":""close"",""type"":""field""}],""op"":""/"",""type"":""binary""}",qlib,NOT_VERIFIED,"[""qkg:record:fc8069c2-a960-5604-ad3b-421f6ff003b4""]"
qkg:formula:5f94ad8e-b49a-5dfc-92fc-2c6d9b1e518a,"Corr($close/Ref($close,1), Log($volume/Ref($volume, 1)+1), 30)","qlib:corr(/($close,qlib:delay($close,1)),qlib:log(+(/($volume,qlib:delay($volume,1)),1)),30)","{""args"":[{""args"":[{""name"":""close"",""type"":""field""},{""args"":[{""name"":""close"",""type"":""field""},{""type"":""number"",""value"":""1""}],""op"":""qlib:delay"",""type"":""call""}],""op"":""/"",""type"":""binary""},{""args"":[{""args"":[{""args"":[{""name"":""volume"",""type"":""field""},{""args"":[{""name"":""volume"",""type"":""field""},{""type"":""number"",""value"":""1""}],""op"":""qlib:delay"",""type"":""call""}],""op"":""/"",""type"":""binary""},{""type"":""number"",""value"":""1""}],""op"":""+"",""type"":""binary""}],""op"":""qlib:log"",""type"":""call""},{""type"":""number"",""value"":""30""}],""op"":""qlib:corr"",""type"":""call""}",qlib,NOT_VERIFIED,"[""qkg:record:4e1e5247-6c46-51e8-9c3a-fd8de7570552""]"
qkg:formula:60ef05e2-2fdb-503b-92d0-6c466c5bf0f2,"(Sum(Greater($close-Ref($close, 1), 0), 60)-Sum(Greater(Ref($close, 1)-$close, 0), 60))/(Sum(Abs($close-Ref($close, 1)), 60)+1e-12)","/(-(qlib:sum(qlib:elementwise_max(-($close,qlib:delay($close,1)),0),60),qlib:sum(qlib:elementwise_max(-(qlib:delay($close,1),$close),0),60)),+(qlib:sum(qlib:abs(-($close,qlib:delay($close,1))),60),0.000000000001))","{""args"":[{""args"":[{""args"":[{""args"":[{""args"":[{""name"":""close"",""type"":""field""},{""args"":[{""name"":""close"",""type"":""field""},{""type"":""number"",""value"":""1""}],""op"":""qlib:delay"",""type"":""call""}],""op"":""-"",""type"":""binary""},{""type"":""number"",""value"":""0""}],""op"":""qlib:elementwise_max"",""type"":""call""},{""type"":""number"",""value"":""60""}],""op"":""qlib:sum"",""type"":""call""},{""args"":[{""args"":[{""args"":[{""args"":[{""name"":""close"",""type"":""field""},{""type"":""number"",""value"":""1""}],""op"":""qlib:delay"",""type"":""call""},{""name"":""close"",""type"":""field""}],""op"":""-"",""type"":""binary""},{""type"":""number"",""value"":""0""}],""op"":""qlib:elementwise_max"",""type"":""call""},{""type"":""number"",""value"":""60""}],""op"":""qlib:sum"",""type"":""call""}],""op"":""-"",""type"":""binary""},{""args"":[{""args"":[{""args"":[{""args"":[{""name"":""close"",""type"":""field""},{""args"":[{""name"":""close"",""type"":""field""},{""type"":""number"",""value"":""1""}],""op"":""qlib:delay"",""type"":""call""}],""op"":""-"",""type"":""binary""}],""op"":""qlib:abs"",""type"":""call""},{""type"":""number"",""value"":""60""}],""op"":""qlib:sum"",""type"":""call""},{""type"":""number"",""value"":""0.000000000001""}],""op"":""+"",""type"":""binary""}],""op"":""/"",""type"":""binary""}",qlib,NOT_VERIFIED,"[""qkg:record:91a2eece-8d04-5150-8e13-a39e0b5ce3ee""]"
qkg:formula:6222a83b-5650-587b-bb37-13acacfbfe8c,"Ref($open, 32)/$close","/(qlib:delay($open,32),$close)","{""args"":[{""args"":[{""name"":""open"",""type"":""field""},{""type"":""number"",""value"":""32""}],""op"":""qlib:delay"",""type"":""call""},{""name"":""close"",""type"":""field""}],""op"":""/"",""type"":""binary""}",qlib,NOT_VERIFIED,"[""qkg:record:616f6417-f0fc-580e-add4-3ee29b4e7d33""]"
qkg:formula:6452522f-ebd2-5999-b97a-eac930504882,"Min($low, 5)/$close","/(qlib:ts_min($low,5),$close)","{""args"":[{""args"":[{""name"":""low"",""type"":""field""},{""type"":""number"",""value"":""5""}],""op"":""qlib:ts_min"",""type"":""call""},{""name"":""close"",""type"":""field""}],""op"":""/"",""type"":""binary""}",qlib,NOT_VERIFIED,"[""qkg:record:0ecedf71-dc5a-5dbb-b5fb-f27396a04ac5""]"
qkg:formula:646ca6bf-6859-52d2-ac5f-144b6feff003,"Ref($volume, 50)/($volume+1e-12)","/(qlib:delay($volume,50),+($volume,0.000000000001))","{""args"":[{""args"":[{""name"":""volume"",""type"":""field""},{""type"":""number"",""value"":""50""}],""op"":""qlib:delay"",""type"":""call""},{""args"":[{""name"":""volume"",""type"":""field""},{""type"":""number"",""value"":""0.000000000001""}],""op"":""+"",""type"":""binary""}],""op"":""/"",""type"":""binary""}",qlib,NOT_VERIFIED,"[""qkg:record:8aab8df7-5161-53d1-a191-bdce578aca6b""]"
qkg:formula:668b0241-76a0-5b9c-a303-1bb1bafa7789,"Quantile($close, 20, 0.8)/$close","/(qlib:quantile($close,20,0.8),$close)","{""args"":[{""args"":[{""name"":""close"",""type"":""field""},{""type"":""number"",""value"":""20""},{""type"":""number"",""value"":""0.8""}],""op"":""qlib:quantile"",""type"":""call""},{""name"":""close"",""type"":""field""}],""op"":""/"",""type"":""binary""}",qlib,NOT_VERIFIED,"[""qkg:record:48fbecbe-a0f8-551e-be6b-312a7ecf57f7""]"
qkg:formula:6796677a-b9db-5a02-ab4e-8cb9d4e593dc,"Ref($low, 46)/$close","/(qlib:delay($low,46),$close)","{""args"":[{""args"":[{""name"":""low"",""type"":""field""},{""type"":""number"",""value"":""46""}],""op"":""qlib:delay"",""type"":""call""},{""name"":""close"",""type"":""field""}],""op"":""/"",""type"":""binary""}",qlib,NOT_VERIFIED,"[""qkg:record:159d7a76-c434-57e9-9811-39039d212f29""]"
qkg:formula:6890d1ff-5d92-5d40-8a13-893a9f266f71,"Mean($close<Ref($close, 1), 30)","qlib:mean(compare[<]($close,qlib:delay($close,1)),30)","{""args"":[{""args"":[{""name"":""close"",""type"":""field""},{""args"":[{""name"":""close"",""type"":""field""},{""type"":""number"",""value"":""1""}],""op"":""qlib:delay"",""type"":""call""}],""ops"":[""<""],""type"":""compare""},{""type"":""number"",""value"":""30""}],""op"":""qlib:mean"",""type"":""call""}",qlib,NOT_VERIFIED,"[""qkg:record:3667956c-ecd5-584b-88c8-23ef350be90e""]"
qkg:formula:699a1b2e-a4e5-52c1-80e2-18fefe0432d1,"Ref($close, 37)/$close","/(qlib:delay($close,37),$close)","{""args"":[{""args"":[{""name"":""close"",""type"":""field""},{""type"":""number"",""value"":""37""}],""op"":""qlib:delay"",""type"":""call""},{""name"":""close"",""type"":""field""}],""op"":""/"",""type"":""binary""}",qlib,NOT_VERIFIED,"[""qkg:record:b11accd4-6d01-5b87-89f9-d05fa97d7241""]"
qkg:formula:6a596d13-7d0f-5f60-872e-87a584f56e33,"(Sum(Greater($volume-Ref($volume, 1), 0), 5)-Sum(Greater(Ref($volume, 1)-$volume, 0), 5))/(Sum(Abs($volume-Ref($volume, 1)), 5)+1e-12)","/(-(qlib:sum(qlib:elementwise_max(-($volume,qlib:delay($volume,1)),0),5),qlib:sum(qlib:elementwise_max(-(qlib:delay($volume,1),$volume),0),5)),+(qlib:sum(qlib:abs(-($volume,qlib:delay($volume,1))),5),0.000000000001))","{""args"":[{""args"":[{""args"":[{""args"":[{""args"":[{""name"":""volume"",""type"":""field""},{""args"":[{""name"":""volume"",""type"":""field""},{""type"":""number"",""value"":""1""}],""op"":""qlib:delay"",""type"":""call""}],""op"":""-"",""type"":""binary""},{""type"":""number"",""value"":""0""}],""op"":""qlib:elementwise_max"",""type"":""call""},{""type"":""number"",""value"":""5""}],""op"":""qlib:sum"",""type"":""call""},{""args"":[{""args"":[{""args"":[{""args"":[{""name"":""volume"",""type"":""field""},{""type"":""number"",""value"":""1""}],""op"":""qlib:delay"",""type"":""call""},{""name"":""volume"",""type"":""field""}],""op"":""-"",""type"":""binary""},{""type"":""number"",""value"":""0""}],""op"":""qlib:elementwise_max"",""type"":""call""},{""type"":""number"",""value"":""5""}],""op"":""qlib:sum"",""type"":""call""}],""op"":""-"",""type"":""binary""},{""args"":[{""args"":[{""args"":[{""args"":[{""name"":""volume"",""type"":""field""},{""args"":[{""name"":""volume"",""type"":""field""},{""type"":""number"",""value"":""1""}],""op"":""qlib:delay"",""type"":""call""}],""op"":""-"",""type"":""binary""}],""op"":""qlib:abs"",""type"":""call""},{""type"":""number"",""value"":""5""}],""op"":""qlib:sum"",""type"":""call""},{""type"":""number"",""value"":""0.000000000001""}],""op"":""+"",""type"":""binary""}],""op"":""/"",""type"":""binary""}",qlib,NOT_VERIFIED,"[""qkg:record:87c9a883-36d6-59b1-af31-55e458e04c29""]"
qkg:formula:6a9a843a-9f9f-527e-ae37-ec6e350a2558,"Sum(Greater($volume-Ref($volume, 1), 0), 20)/(Sum(Abs($volume-Ref($volume, 1)), 20)+1e-12)","/(qlib:sum(qlib:elementwise_max(-($volume,qlib:delay($volume,1)),0),20),+(qlib:sum(qlib:abs(-($volume,qlib:delay($volume,1))),20),0.000000000001))","{""args"":[{""args"":[{""args"":[{""args"":[{""name"":""volume"",""type"":""field""},{""args"":[{""name"":""volume"",""type"":""field""},{""type"":""number"",""value"":""1""}],""op"":""qlib:delay"",""type"":""call""}],""op"":""-"",""type"":""binary""},{""type"":""number"",""value"":""0""}],""op"":""qlib:elementwise_max"",""type"":""call""},{""type"":""number"",""value"":""20""}],""op"":""qlib:sum"",""type"":""call""},{""args"":[{""args"":[{""args"":[{""args"":[{""name"":""volume"",""type"":""field""},{""args"":[{""name"":""volume"",""type"":""field""},{""type"":""number"",""value"":""1""}],""op"":""qlib:delay"",""type"":""call""}],""op"":""-"",""type"":""binary""}],""op"":""qlib:abs"",""type"":""call""},{""type"":""number"",""value"":""20""}],""op"":""qlib:sum"",""type"":""call""},{""type"":""number"",""value"":""0.000000000001""}],""op"":""+"",""type"":""binary""}],""op"":""/"",""type"":""binary""}",qlib,NOT_VERIFIED,"[""qkg:record:89f3217e-9786-5dde-9af5-8778f26d6111""]"
qkg:formula:6b12fe1f-ed06-5296-94dc-a30bce6637b3,"Ref($open, 17)/$close","/(qlib:delay($open,17),$close)","{""args"":[{""args"":[{""name"":""open"",""type"":""field""},{""type"":""number"",""value"":""17""}],""op"":""qlib:delay"",""type"":""call""},{""name"":""close"",""type"":""field""}],""op"":""/"",""type"":""binary""}",qlib,NOT_VERIFIED,"[""qkg:record:1cd41bea-f9d4-5390-ae75-ce9fc7524635""]"
qkg:formula:6c524c48-78ed-54f8-8894-a5f96db47ab1,"Slope($close, 20)/$close","/(qlib:slope($close,20),$close)","{""args"":[{""args"":[{""name"":""close"",""type"":""field""},{""type"":""number"",""value"":""20""}],""op"":""qlib:slope"",""type"":""call""},{""name"":""close"",""type"":""field""}],""op"":""/"",""type"":""binary""}",qlib,NOT_VERIFIED,"[""qkg:record:11e410b6-21bf-57fe-b78a-250c7dcaae32""]"
qkg:formula:6c89b701-8cfe-5d1c-81bc-e5a1d789b92f,"Ref($vwap, 14)/$close","/(qlib:delay($vwap,14),$close)","{""args"":[{""args"":[{""name"":""vwap"",""type"":""field""},{""type"":""number"",""value"":""14""}],""op"":""qlib:delay"",""type"":""call""},{""name"":""close"",""type"":""field""}],""op"":""/"",""type"":""binary""}",qlib,NOT_VERIFIED,"[""qkg:record:d86ed1c3-d07f-5e23-8ed2-f2494ed43f51""]"
qkg:formula:6c9c869d-a942-5815-9b15-bc8fda4cf9e5,"Ref($volume, 16)/($volume+1e-12)","/(qlib:delay($volume,16),+($volume,0.000000000001))","{""args"":[{""args"":[{""name"":""volume"",""type"":""field""},{""type"":""number"",""value"":""16""}],""op"":""qlib:delay"",""type"":""call""},{""args"":[{""name"":""volume"",""type"":""field""},{""type"":""number"",""value"":""0.000000000001""}],""op"":""+"",""type"":""binary""}],""op"":""/"",""type"":""binary""}",qlib,NOT_VERIFIED,"[""qkg:record:1bd78269-7fb3-568b-84b1-e336089ef823""]"
qkg:formula:6d27de9b-6396-5041-8f79-3f7d6e0b2076,"Ref($volume, 13)/($volume+1e-12)","/(qlib:delay($volume,13),+($volume,0.000000000001))","{""args"":[{""args"":[{""name"":""volume"",""type"":""field""},{""type"":""number"",""value"":""13""}],""op"":""qlib:delay"",""type"":""call""},{""args"":[{""name"":""volume"",""type"":""field""},{""type"":""number"",""value"":""0.000000000001""}],""op"":""+"",""type"":""binary""}],""op"":""/"",""type"":""binary""}",qlib,NOT_VERIFIED,"[""qkg:record:880b4370-4ada-565b-a965-63869f5e2361""]"
qkg:formula:6dee2127-e767-5a83-b29c-df2f0e37bfad,"Ref($open, 58)/$close","/(qlib:delay($open,58),$close)","{""args"":[{""args"":[{""name"":""open"",""type"":""field""},{""type"":""number"",""value"":""58""}],""op"":""qlib:delay"",""type"":""call""},{""name"":""close"",""type"":""field""}],""op"":""/"",""type"":""binary""}",qlib,NOT_VERIFIED,"[""qkg:record:3e0019ef-f77f-5db9-89ff-87cbb75807fd""]"
qkg:formula:6e1f768a-efc3-5eca-959b-7dfb38cd71e9,"(IdxMax($high, 30)-IdxMin($low, 30))/30","/(-(qlib:ts_argmax($high,30),qlib:ts_argmin($low,30)),30)","{""args"":[{""args"":[{""args"":[{""name"":""high"",""type"":""field""},{""type"":""number"",""value"":""30""}],""op"":""qlib:ts_argmax"",""type"":""call""},{""args"":[{""name"":""low"",""type"":""field""},{""type"":""number"",""value"":""30""}],""op"":""qlib:ts_argmin"",""type"":""call""}],""op"":""-"",""type"":""binary""},{""type"":""number"",""value"":""30""}],""op"":""/"",""type"":""binary""}",qlib,NOT_VERIFIED,"[""qkg:record:63cef9ab-90d0-595f-855c-e6e1816e74d5""]"
qkg:formula:6e30ad96-696e-585d-a4e9-80cd3d25f729,"Sum(Greater(Ref($close, 1)-$close, 0), 20)/(Sum(Abs($close-Ref($close, 1)), 20)+1e-12)","/(qlib:sum(qlib:elementwise_max(-(qlib:delay($close,1),$close),0),20),+(qlib:sum(qlib:abs(-($close,qlib:delay($close,1))),20),0.000000000001))","{""args"":[{""args"":[{""args"":[{""args"":[{""args"":[{""name"":""close"",""type"":""field""},{""type"":""number"",""value"":""1""}],""op"":""qlib:delay"",""type"":""call""},{""name"":""close"",""type"":""field""}],""op"":""-"",""type"":""binary""},{""type"":""number"",""value"":""0""}],""op"":""qlib:elementwise_max"",""type"":""call""},{""type"":""number"",""value"":""20""}],""op"":""qlib:sum"",""type"":""call""},{""args"":[{""args"":[{""args"":[{""args"":[{""name"":""close"",""type"":""field""},{""args"":[{""name"":""close"",""type"":""field""},{""type"":""number"",""value"":""1""}],""op"":""qlib:delay"",""type"":""call""}],""op"":""-"",""type"":""binary""}],""op"":""qlib:abs"",""type"":""call""},{""type"":""number"",""value"":""20""}],""op"":""qlib:sum"",""type"":""call""},{""type"":""number"",""value"":""0.000000000001""}],""op"":""+"",""type"":""binary""}],""op"":""/"",""type"":""binary""}",qlib,NOT_VERIFIED,"[""qkg:record:7beee028-523a-5c4d-884a-a6905e2151d1""]"
qkg:formula:6eb9cf32-2e14-5e9c-a432-83bf1e2c9949,"Ref($vwap, 44)/$close","/(qlib:delay($vwap,44),$close)","{""args"":[{""args"":[{""name"":""vwap"",""type"":""field""},{""type"":""number"",""value"":""44""}],""op"":""qlib:delay"",""type"":""call""},{""name"":""close"",""type"":""field""}],""op"":""/"",""type"":""binary""}",qlib,NOT_VERIFIED,"[""qkg:record:43cea755-cd33-5155-8dd8-3036f667f184""]"
qkg:formula:6f33134c-9a1a-587f-a341-3e83d4c8df8b,"Ref($open, 20)/$close","/(qlib:delay($open,20),$close)","{""args"":[{""args"":[{""name"":""open"",""type"":""field""},{""type"":""number"",""value"":""20""}],""op"":""qlib:delay"",""type"":""call""},{""name"":""close"",""type"":""field""}],""op"":""/"",""type"":""binary""}",qlib,NOT_VERIFIED,"[""qkg:record:b64317f3-a56e-50f3-9f23-5e49f568f703""]"
qkg:formula:700bbd3f-ea8f-5784-8292-caa084044e08,"Ref($open, 24)/$close","/(qlib:delay($open,24),$close)","{""args"":[{""args"":[{""name"":""open"",""type"":""field""},{""type"":""number"",""value"":""24""}],""op"":""qlib:delay"",""type"":""call""},{""name"":""close"",""type"":""field""}],""op"":""/"",""type"":""binary""}",qlib,NOT_VERIFIED,"[""qkg:record:161bf88d-fe45-5f38-8ab0-c33ec8ffb2a0""]"
qkg:formula:7042d6a0-9fe4-5d66-8aaf-50c9b3abec35,"Rank($close, 5)","qlib:ts_rank($close,5)","{""args"":[{""name"":""close"",""type"":""field""},{""type"":""number"",""value"":""5""}],""op"":""qlib:ts_rank"",""type"":""call""}",qlib,NOT_VERIFIED,"[""qkg:record:23e41df1-ce52-5243-8399-07bae3258330""]"
qkg:formula:704a6172-388b-59ca-a028-22763bcf3c56,"Ref($high, 21)/$close","/(qlib:delay($high,21),$close)","{""args"":[{""args"":[{""name"":""high"",""type"":""field""},{""type"":""number"",""value"":""21""}],""op"":""qlib:delay"",""type"":""call""},{""name"":""close"",""type"":""field""}],""op"":""/"",""type"":""binary""}",qlib,NOT_VERIFIED,"[""qkg:record:201b4f50-03c2-5991-b0b7-f3c98fcce9d1""]"
qkg:formula:70780a5c-eb66-5cca-a073-c24a1b56ced2,"Ref($volume, 43)/($volume+1e-12)","/(qlib:delay($volume,43),+($volume,0.000000000001))","{""args"":[{""args"":[{""name"":""volume"",""type"":""field""},{""type"":""number"",""value"":""43""}],""op"":""qlib:delay"",""type"":""call""},{""args"":[{""name"":""volume"",""type"":""field""},{""type"":""number"",""value"":""0.000000000001""}],""op"":""+"",""type"":""binary""}],""op"":""/"",""type"":""binary""}",qlib,NOT_VERIFIED,"[""qkg:record:1c3655df-d3d1-57b9-beec-368b32a98570""]"
qkg:formula:70c69f78-d0a2-5f6b-b432-aa4ece951bdb,"Corr($close/Ref($close,1), Log($volume/Ref($volume, 1)+1), 60)","qlib:corr(/($close,qlib:delay($close,1)),qlib:log(+(/($volume,qlib:delay($volume,1)),1)),60)","{""args"":[{""args"":[{""name"":""close"",""type"":""field""},{""args"":[{""name"":""close"",""type"":""field""},{""type"":""number"",""value"":""1""}],""op"":""qlib:delay"",""type"":""call""}],""op"":""/"",""type"":""binary""},{""args"":[{""args"":[{""args"":[{""name"":""volume"",""type"":""field""},{""args"":[{""name"":""volume"",""type"":""field""},{""type"":""number"",""value"":""1""}],""op"":""qlib:delay"",""type"":""call""}],""op"":""/"",""type"":""binary""},{""type"":""number"",""value"":""1""}],""op"":""+"",""type"":""binary""}],""op"":""qlib:log"",""type"":""call""},{""type"":""number"",""value"":""60""}],""op"":""qlib:corr"",""type"":""call""}",qlib,NOT_VERIFIED,"[""qkg:record:e2ea98f5-8fb0-5165-808c-01e066de6e8a""]"
qkg:formula:71ac282f-ec28-5b4a-b9a0-424f3e9941fc,"Ref($close, 10)/$close","/(qlib:delay($close,10),$close)","{""args"":[{""args"":[{""name"":""close"",""type"":""field""},{""type"":""number"",""value"":""10""}],""op"":""qlib:delay"",""type"":""call""},{""name"":""close"",""type"":""field""}],""op"":""/"",""type"":""binary""}",qlib,NOT_VERIFIED,"[""qkg:record:65270632-a007-5d74-8e73-21ec38d8b38a"",""qkg:record:3d2cdd26-387b-5256-9bb0-f871606f3e38""]"
qkg:formula:72648503-ba9e-530c-8f42-4616b35ba8d1,"Ref($volume, 12)/($volume+1e-12)","/(qlib:delay($volume,12),+($volume,0.000000000001))","{""args"":[{""args"":[{""name"":""volume"",""type"":""field""},{""type"":""number"",""value"":""12""}],""op"":""qlib:delay"",""type"":""call""},{""args"":[{""name"":""volume"",""type"":""field""},{""type"":""number"",""value"":""0.000000000001""}],""op"":""+"",""type"":""binary""}],""op"":""/"",""type"":""binary""}",qlib,NOT_VERIFIED,"[""qkg:record:4bb90d50-a01f-505f-ac20-530edcfe4304""]"
qkg:formula:729461ee-96db-5f75-93a7-27297844bfaa,"Ref($open, 31)/$close","/(qlib:delay($open,31),$close)","{""args"":[{""args"":[{""name"":""open"",""type"":""field""},{""type"":""number"",""value"":""31""}],""op"":""qlib:delay"",""type"":""call""},{""name"":""close"",""type"":""field""}],""op"":""/"",""type"":""binary""}",qlib,NOT_VERIFIED,"[""qkg:record:cbe7b92c-b4b5-5c24-bf7f-28d91369ff89""]"
qkg:formula:72c69af8-7ab0-5f7f-a986-7ecb858b62e2,"Ref($vwap, 49)/$close","/(qlib:delay($vwap,49),$close)","{""args"":[{""args"":[{""name"":""vwap"",""type"":""field""},{""type"":""number"",""value"":""49""}],""op"":""qlib:delay"",""type"":""call""},{""name"":""close"",""type"":""field""}],""op"":""/"",""type"":""binary""}",qlib,NOT_VERIFIED,"[""qkg:record:3e784891-a1e0-5c4a-9095-f8c09234793b""]"
qkg:formula:72eef88c-52b5-55bf-8a34-4470fb0faf6c,"Ref($low, 13)/$close","/(qlib:delay($low,13),$close)","{""args"":[{""args"":[{""name"":""low"",""type"":""field""},{""type"":""number"",""value"":""13""}],""op"":""qlib:delay"",""type"":""call""},{""name"":""close"",""type"":""field""}],""op"":""/"",""type"":""binary""}",qlib,NOT_VERIFIED,"[""qkg:record:c534907b-1b85-514b-90f9-053b7c562294""]"
qkg:formula:72fa13f8-3491-507d-9829-79faa3dd917c,"Std(Abs($close/Ref($close, 1)-1)*$volume, 30)/(Mean(Abs($close/Ref($close, 1)-1)*$volume, 30)+1e-12)","/(qlib:std(*(qlib:abs(-(/($close,qlib:delay($close,1)),1)),$volume),30),+(qlib:mean(*(qlib:abs(-(/($close,qlib:delay($close,1)),1)),$volume),30),0.000000000001))","{""args"":[{""args"":[{""args"":[{""args"":[{""args"":[{""args"":[{""name"":""close"",""type"":""field""},{""args"":[{""name"":""close"",""type"":""field""},{""type"":""number"",""value"":""1""}],""op"":""qlib:delay"",""type"":""call""}],""op"":""/"",""type"":""binary""},{""type"":""number"",""value"":""1""}],""op"":""-"",""type"":""binary""}],""op"":""qlib:abs"",""type"":""call""},{""name"":""volume"",""type"":""field""}],""op"":""*"",""type"":""binary""},{""type"":""number"",""value"":""30""}],""op"":""qlib:std"",""type"":""call""},{""args"":[{""args"":[{""args"":[{""args"":[{""args"":[{""args"":[{""name"":""close"",""type"":""field""},{""args"":[{""name"":""close"",""type"":""field""},{""type"":""number"",""value"":""1""}],""op"":""qlib:delay"",""type"":""call""}],""op"":""/"",""type"":""binary""},{""type"":""number"",""value"":""1""}],""op"":""-"",""type"":""binary""}],""op"":""qlib:abs"",""type"":""call""},{""name"":""volume"",""type"":""field""}],""op"":""*"",""type"":""binary""},{""type"":""number"",""value"":""30""}],""op"":""qlib:mean"",""type"":""call""},{""type"":""number"",""value"":""0.000000000001""}],""op"":""+"",""type"":""binary""}],""op"":""/"",""type"":""binary""}",qlib,NOT_VERIFIED,"[""qkg:record:fb75ef65-1124-5827-9ed7-d6b540115e57""]"
qkg:formula:73369ec9-ec02-544b-90c8-4dcbf86cf2d1,"Ref($low, 59)/$close","/(qlib:delay($low,59),$close)","{""args"":[{""args"":[{""name"":""low"",""type"":""field""},{""type"":""number"",""value"":""59""}],""op"":""qlib:delay"",""type"":""call""},{""name"":""close"",""type"":""field""}],""op"":""/"",""type"":""binary""}",qlib,NOT_VERIFIED,"[""qkg:record:7d142fd7-dd7f-5d1b-894f-bd7bf887c7a0""]"
qkg:formula:7457f0a5-f695-5b92-bed2-a0839e970980,"Std($volume, 10)/($volume+1e-12)","/(qlib:std($volume,10),+($volume,0.000000000001))","{""args"":[{""args"":[{""name"":""volume"",""type"":""field""},{""type"":""number"",""value"":""10""}],""op"":""qlib:std"",""type"":""call""},{""args"":[{""name"":""volume"",""type"":""field""},{""type"":""number"",""value"":""0.000000000001""}],""op"":""+"",""type"":""binary""}],""op"":""/"",""type"":""binary""}",qlib,NOT_VERIFIED,"[""qkg:record:f09989af-b980-5184-8813-0acfafb8684e""]"
qkg:formula:747afab5-fce3-52d2-8f53-3e6d4ef05c8e,"Quantile($close, 60, 0.2)/$close","/(qlib:quantile($close,60,0.2),$close)","{""args"":[{""args"":[{""name"":""close"",""type"":""field""},{""type"":""number"",""value"":""60""},{""type"":""number"",""value"":""0.2""}],""op"":""qlib:quantile"",""type"":""call""},{""name"":""close"",""type"":""field""}],""op"":""/"",""type"":""binary""}",qlib,NOT_VERIFIED,"[""qkg:record:d793e420-bcd4-54f0-8a9c-4bfcb3fceff9""]"
qkg:formula:74aa8659-f185-5868-a693-495404e6d239,"Ref($high, 37)/$close","/(qlib:delay($high,37),$close)","{""args"":[{""args"":[{""name"":""high"",""type"":""field""},{""type"":""number"",""value"":""37""}],""op"":""qlib:delay"",""type"":""call""},{""name"":""close"",""type"":""field""}],""op"":""/"",""type"":""binary""}",qlib,NOT_VERIFIED,"[""qkg:record:79f823b2-0e01-58e3-9e76-34c158dc4094""]"
qkg:formula:7590f788-20ee-5981-8559-658e00663529,"Ref($vwap, 22)/$close","/(qlib:delay($vwap,22),$close)","{""args"":[{""args"":[{""name"":""vwap"",""type"":""field""},{""type"":""number"",""value"":""22""}],""op"":""qlib:delay"",""type"":""call""},{""name"":""close"",""type"":""field""}],""op"":""/"",""type"":""binary""}",qlib,NOT_VERIFIED,"[""qkg:record:6a34b576-9467-59a7-b9d7-f2dc43ceae2e""]"
qkg:formula:76f1bf7c-9d7c-5cd8-915c-2b16db73ee52,"Ref($high, 29)/$close","/(qlib:delay($high,29),$close)","{""args"":[{""args"":[{""name"":""high"",""type"":""field""},{""type"":""number"",""value"":""29""}],""op"":""qlib:delay"",""type"":""call""},{""name"":""close"",""type"":""field""}],""op"":""/"",""type"":""binary""}",qlib,NOT_VERIFIED,"[""qkg:record:ff0b314d-9909-5475-9ed9-7c18cf30ea94""]"
qkg:formula:772f7140-64f2-5f48-825b-c7ee777ff1aa,"Ref($low, 2)/$close","/(qlib:delay($low,2),$close)","{""args"":[{""args"":[{""name"":""low"",""type"":""field""},{""type"":""number"",""value"":""2""}],""op"":""qlib:delay"",""type"":""call""},{""name"":""close"",""type"":""field""}],""op"":""/"",""type"":""binary""}",qlib,NOT_VERIFIED,"[""qkg:record:6c1452cd-02c5-57c2-991b-58e0b40b60c6""]"
qkg:formula:777820cc-ccbc-5d59-a7a6-fb2c80449070,"Ref($low, 57)/$close","/(qlib:delay($low,57),$close)","{""args"":[{""args"":[{""name"":""low"",""type"":""field""},{""type"":""number"",""value"":""57""}],""op"":""qlib:delay"",""type"":""call""},{""name"":""close"",""type"":""field""}],""op"":""/"",""type"":""binary""}",qlib,NOT_VERIFIED,"[""qkg:record:9ffb9966-1b78-5e96-bbcd-971405038fb1""]"
qkg:formula:77b926d8-4e8c-564a-b2aa-136b771654f2,"Rank($close, 20)","qlib:ts_rank($close,20)","{""args"":[{""name"":""close"",""type"":""field""},{""type"":""number"",""value"":""20""}],""op"":""qlib:ts_rank"",""type"":""call""}",qlib,NOT_VERIFIED,"[""qkg:record:c3d0ffcd-8686-5aec-8dbe-3b512fc408cc""]"
qkg:formula:783f937d-514d-5ffa-87ef-1d07625506b6,"IdxMax($high, 10)/10","/(qlib:ts_argmax($high,10),10)","{""args"":[{""args"":[{""name"":""high"",""type"":""field""},{""type"":""number"",""value"":""10""}],""op"":""qlib:ts_argmax"",""type"":""call""},{""type"":""number"",""value"":""10""}],""op"":""/"",""type"":""binary""}",qlib,NOT_VERIFIED,"[""qkg:record:9865760b-33e3-59a0-bc0c-d23c4bd6c727""]"
qkg:formula:78b18ed7-f6af-5792-9039-e3595d7bb3c6,"Ref($open, 36)/$close","/(qlib:delay($open,36),$close)","{""args"":[{""args"":[{""name"":""open"",""type"":""field""},{""type"":""number"",""value"":""36""}],""op"":""qlib:delay"",""type"":""call""},{""name"":""close"",""type"":""field""}],""op"":""/"",""type"":""binary""}",qlib,NOT_VERIFIED,"[""qkg:record:cddf8f59-6203-5649-962d-3ec212de5a46""]"
qkg:formula:79785af6-a5cb-54c5-a659-704134146cb6,"Ref($open, 53)/$close","/(qlib:delay($open,53),$close)","{""args"":[{""args"":[{""name"":""open"",""type"":""field""},{""type"":""number"",""value"":""53""}],""op"":""qlib:delay"",""type"":""call""},{""name"":""close"",""type"":""field""}],""op"":""/"",""type"":""binary""}",qlib,NOT_VERIFIED,"[""qkg:record:45ab1e34-59cb-5697-aec0-6e967fe22fbe""]"
qkg:formula:79a03d87-7e69-5151-8115-5de44079977f,"Ref($open, 10)/$close","/(qlib:delay($open,10),$close)","{""args"":[{""args"":[{""name"":""open"",""type"":""field""},{""type"":""number"",""value"":""10""}],""op"":""qlib:delay"",""type"":""call""},{""name"":""close"",""type"":""field""}],""op"":""/"",""type"":""binary""}",qlib,NOT_VERIFIED,"[""qkg:record:3dcdc1fe-0c46-5e05-910a-c5dd423c4006""]"
qkg:formula:79c10400-519c-5588-b3bb-a11502ae7fb7,"Ref($vwap, 16)/$close","/(qlib:delay($vwap,16),$close)","{""args"":[{""args"":[{""name"":""vwap"",""type"":""field""},{""type"":""number"",""value"":""16""}],""op"":""qlib:delay"",""type"":""call""},{""name"":""close"",""type"":""field""}],""op"":""/"",""type"":""binary""}",qlib,NOT_VERIFIED,"[""qkg:record:fc410c36-5293-5d8f-ac59-a07941b42c4f""]"
qkg:formula:79c3931c-fa09-5327-95b3-f9a6deaf42c5,"Ref($close, 49)/$close","/(qlib:delay($close,49),$close)","{""args"":[{""args"":[{""name"":""close"",""type"":""field""},{""type"":""number"",""value"":""49""}],""op"":""qlib:delay"",""type"":""call""},{""name"":""close"",""type"":""field""}],""op"":""/"",""type"":""binary""}",qlib,NOT_VERIFIED,"[""qkg:record:db631fe1-2601-5875-ac6b-765fea141c63""]"
qkg:formula:7a07f592-43a5-5fca-93e0-2a19bb333757,"Quantile($close, 20, 0.2)/$close","/(qlib:quantile($close,20,0.2),$close)","{""args"":[{""args"":[{""name"":""close"",""type"":""field""},{""type"":""number"",""value"":""20""},{""type"":""number"",""value"":""0.2""}],""op"":""qlib:quantile"",""type"":""call""},{""name"":""close"",""type"":""field""}],""op"":""/"",""type"":""binary""}",qlib,NOT_VERIFIED,"[""qkg:record:d90700d8-c300-5f1d-b40c-924baefbcda0""]"
qkg:formula:7a9f6f6e-1d2b-51f3-a268-7c07721f9a18,"Ref($high, 9)/$close","/(qlib:delay($high,9),$close)","{""args"":[{""args"":[{""name"":""high"",""type"":""field""},{""type"":""number"",""value"":""9""}],""op"":""qlib:delay"",""type"":""call""},{""name"":""close"",""type"":""field""}],""op"":""/"",""type"":""binary""}",qlib,NOT_VERIFIED,"[""qkg:record:41eafdef-3ccd-5826-a221-5b4d23c45aaf""]"
qkg:formula:7b2236a5-a5ac-5143-a8fa-d51a0f176274,"Ref($open, 1)/$close","/(qlib:delay($open,1),$close)","{""args"":[{""args"":[{""name"":""open"",""type"":""field""},{""type"":""number"",""value"":""1""}],""op"":""qlib:delay"",""type"":""call""},{""name"":""close"",""type"":""field""}],""op"":""/"",""type"":""binary""}",qlib,NOT_VERIFIED,"[""qkg:record:18b1cbfc-6fb4-55b5-a979-b42060d66ec7""]"
qkg:formula:7bdddd77-4cd7-5b60-8485-c6a896d93131,"(Sum(Greater($volume-Ref($volume, 1), 0), 30)-Sum(Greater(Ref($volume, 1)-$volume, 0), 30))/(Sum(Abs($volume-Ref($volume, 1)), 30)+1e-12)","/(-(qlib:sum(qlib:elementwise_max(-($volume,qlib:delay($volume,1)),0),30),qlib:sum(qlib:elementwise_max(-(qlib:delay($volume,1),$volume),0),30)),+(qlib:sum(qlib:abs(-($volume,qlib:delay($volume,1))),30),0.000000000001))","{""args"":[{""args"":[{""args"":[{""args"":[{""args"":[{""name"":""volume"",""type"":""field""},{""args"":[{""name"":""volume"",""type"":""field""},{""type"":""number"",""value"":""1""}],""op"":""qlib:delay"",""type"":""call""}],""op"":""-"",""type"":""binary""},{""type"":""number"",""value"":""0""}],""op"":""qlib:elementwise_max"",""type"":""call""},{""type"":""number"",""value"":""30""}],""op"":""qlib:sum"",""type"":""call""},{""args"":[{""args"":[{""args"":[{""args"":[{""name"":""volume"",""type"":""field""},{""type"":""number"",""value"":""1""}],""op"":""qlib:delay"",""type"":""call""},{""name"":""volume"",""type"":""field""}],""op"":""-"",""type"":""binary""},{""type"":""number"",""value"":""0""}],""op"":""qlib:elementwise_max"",""type"":""call""},{""type"":""number"",""value"":""30""}],""op"":""qlib:sum"",""type"":""call""}],""op"":""-"",""type"":""binary""},{""args"":[{""args"":[{""args"":[{""args"":[{""name"":""volume"",""type"":""field""},{""args"":[{""name"":""volume"",""type"":""field""},{""type"":""number"",""value"":""1""}],""op"":""qlib:delay"",""type"":""call""}],""op"":""-"",""type"":""binary""}],""op"":""qlib:abs"",""type"":""call""},{""type"":""number"",""value"":""30""}],""op"":""qlib:sum"",""type"":""call""},{""type"":""number"",""value"":""0.000000000001""}],""op"":""+"",""type"":""binary""}],""op"":""/"",""type"":""binary""}",qlib,NOT_VERIFIED,"[""qkg:record:e99fce0d-0dea-5b91-9c86-73724757819c""]"
qkg:formula:7c18a9d5-c036-5640-9e16-5c6ca95feee9,"IdxMax($high, 20)/20","/(qlib:ts_argmax($high,20),20)","{""args"":[{""args"":[{""name"":""high"",""type"":""field""},{""type"":""number"",""value"":""20""}],""op"":""qlib:ts_argmax"",""type"":""call""},{""type"":""number"",""value"":""20""}],""op"":""/"",""type"":""binary""}",qlib,NOT_VERIFIED,"[""qkg:record:8ea336ae-1c4a-5463-b61e-d5abf661a09a""]"
qkg:formula:7c76bd68-1d3e-5696-8897-5bab4e552d6f,"Ref($open, 9)/$close","/(qlib:delay($open,9),$close)","{""args"":[{""args"":[{""name"":""open"",""type"":""field""},{""type"":""number"",""value"":""9""}],""op"":""qlib:delay"",""type"":""call""},{""name"":""close"",""type"":""field""}],""op"":""/"",""type"":""binary""}",qlib,NOT_VERIFIED,"[""qkg:record:0daa15ec-422d-55fb-a687-d50070f42d3b""]"
qkg:formula:7cb09725-c136-5aa9-afdc-4b5c0a0f21d7,"Ref($low, 38)/$close","/(qlib:delay($low,38),$close)","{""args"":[{""args"":[{""name"":""low"",""type"":""field""},{""type"":""number"",""value"":""38""}],""op"":""qlib:delay"",""type"":""call""},{""name"":""close"",""type"":""field""}],""op"":""/"",""type"":""binary""}",qlib,NOT_VERIFIED,"[""qkg:record:6bf7e0cc-8450-53cd-b65c-093736d8e696""]"
qkg:formula:7d085816-952a-5425-9fd5-e155af39c3e2,"Sum(Greater(Ref($volume, 1)-$volume, 0), 5)/(Sum(Abs($volume-Ref($volume, 1)), 5)+1e-12)","/(qlib:sum(qlib:elementwise_max(-(qlib:delay($volume,1),$volume),0),5),+(qlib:sum(qlib:abs(-($volume,qlib:delay($volume,1))),5),0.000000000001))","{""args"":[{""args"":[{""args"":[{""args"":[{""args"":[{""name"":""volume"",""type"":""field""},{""type"":""number"",""value"":""1""}],""op"":""qlib:delay"",""type"":""call""},{""name"":""volume"",""type"":""field""}],""op"":""-"",""type"":""binary""},{""type"":""number"",""value"":""0""}],""op"":""qlib:elementwise_max"",""type"":""call""},{""type"":""number"",""value"":""5""}],""op"":""qlib:sum"",""type"":""call""},{""args"":[{""args"":[{""args"":[{""args"":[{""name"":""volume"",""type"":""field""},{""args"":[{""name"":""volume"",""type"":""field""},{""type"":""number"",""value"":""1""}],""op"":""qlib:delay"",""type"":""call""}],""op"":""-"",""type"":""binary""}],""op"":""qlib:abs"",""type"":""call""},{""type"":""number"",""value"":""5""}],""op"":""qlib:sum"",""type"":""call""},{""type"":""number"",""value"":""0.000000000001""}],""op"":""+"",""type"":""binary""}],""op"":""/"",""type"":""binary""}",qlib,NOT_VERIFIED,"[""qkg:record:21ffb338-b399-5aca-89d3-0de6edb0d215""]"
qkg:formula:7d1ffb91-62f9-5361-8265-0231034f4ca2,"Ref($close, 40)/$close","/(qlib:delay($close,40),$close)","{""args"":[{""args"":[{""name"":""close"",""type"":""field""},{""type"":""number"",""value"":""40""}],""op"":""qlib:delay"",""type"":""call""},{""name"":""close"",""type"":""field""}],""op"":""/"",""type"":""binary""}",qlib,NOT_VERIFIED,"[""qkg:record:4e496913-23ac-51c4-85c3-c926423fcae1""]"
qkg:formula:7d49c831-7b20-5345-bf47-2063bda65627,"Std(Abs($close/Ref($close, 1)-1)*$volume, 5)/(Mean(Abs($close/Ref($close, 1)-1)*$volume, 5)+1e-12)","/(qlib:std(*(qlib:abs(-(/($close,qlib:delay($close,1)),1)),$volume),5),+(qlib:mean(*(qlib:abs(-(/($close,qlib:delay($close,1)),1)),$volume),5),0.000000000001))","{""args"":[{""args"":[{""args"":[{""args"":[{""args"":[{""args"":[{""name"":""close"",""type"":""field""},{""args"":[{""name"":""close"",""type"":""field""},{""type"":""number"",""value"":""1""}],""op"":""qlib:delay"",""type"":""call""}],""op"":""/"",""type"":""binary""},{""type"":""number"",""value"":""1""}],""op"":""-"",""type"":""binary""}],""op"":""qlib:abs"",""type"":""call""},{""name"":""volume"",""type"":""field""}],""op"":""*"",""type"":""binary""},{""type"":""number"",""value"":""5""}],""op"":""qlib:std"",""type"":""call""},{""args"":[{""args"":[{""args"":[{""args"":[{""args"":[{""args"":[{""name"":""close"",""type"":""field""},{""args"":[{""name"":""close"",""type"":""field""},{""type"":""number"",""value"":""1""}],""op"":""qlib:delay"",""type"":""call""}],""op"":""/"",""type"":""binary""},{""type"":""number"",""value"":""1""}],""op"":""-"",""type"":""binary""}],""op"":""qlib:abs"",""type"":""call""},{""name"":""volume"",""type"":""field""}],""op"":""*"",""type"":""binary""},{""type"":""number"",""value"":""5""}],""op"":""qlib:mean"",""type"":""call""},{""type"":""number"",""value"":""0.000000000001""}],""op"":""+"",""type"":""binary""}],""op"":""/"",""type"":""binary""}",qlib,NOT_VERIFIED,"[""qkg:record:43c20f43-9ef9-50af-a466-6ff6fa2924ba""]"
qkg:formula:7db57eb8-c00b-51b0-95f5-3f0ac4e3161b,"Ref($open, 21)/$close","/(qlib:delay($open,21),$close)","{""args"":[{""args"":[{""name"":""open"",""type"":""field""},{""type"":""number"",""value"":""21""}],""op"":""qlib:delay"",""type"":""call""},{""name"":""close"",""type"":""field""}],""op"":""/"",""type"":""binary""}",qlib,NOT_VERIFIED,"[""qkg:record:3aec6f60-45d5-5a50-8d8a-b1b4c3127dfc""]"
qkg:formula:7e715c3b-24aa-52cc-95d7-3c02d03811b6,"Ref($high, 13)/$close","/(qlib:delay($high,13),$close)","{""args"":[{""args"":[{""name"":""high"",""type"":""field""},{""type"":""number"",""value"":""13""}],""op"":""qlib:delay"",""type"":""call""},{""name"":""close"",""type"":""field""}],""op"":""/"",""type"":""binary""}",qlib,NOT_VERIFIED,"[""qkg:record:ee9a4607-561e-5bf8-ae61-cd7c212f0e69""]"
qkg:formula:7e8800c0-8dee-51f9-9969-2103816476d9,"Ref($open, 54)/$close","/(qlib:delay($open,54),$close)","{""args"":[{""args"":[{""name"":""open"",""type"":""field""},{""type"":""number"",""value"":""54""}],""op"":""qlib:delay"",""type"":""call""},{""name"":""close"",""type"":""field""}],""op"":""/"",""type"":""binary""}",qlib,NOT_VERIFIED,"[""qkg:record:1ac54f1f-c195-5e78-8ad5-deeda85ac2ed""]"
qkg:formula:7f1d427d-deba-5fd8-897c-ac380cad4269,"Ref($low, 12)/$close","/(qlib:delay($low,12),$close)","{""args"":[{""args"":[{""name"":""low"",""type"":""field""},{""type"":""number"",""value"":""12""}],""op"":""qlib:delay"",""type"":""call""},{""name"":""close"",""type"":""field""}],""op"":""/"",""type"":""binary""}",qlib,NOT_VERIFIED,"[""qkg:record:bbe0e66a-810c-5e20-95b3-3ce901097c05""]"
qkg:formula:802097e7-08d3-56b4-a02e-45b78041b7d1,"Sum(Greater($volume-Ref($volume, 1), 0), 60)/(Sum(Abs($volume-Ref($volume, 1)), 60)+1e-12)","/(qlib:sum(qlib:elementwise_max(-($volume,qlib:delay($volume,1)),0),60),+(qlib:sum(qlib:abs(-($volume,qlib:delay($volume,1))),60),0.000000000001))","{""args"":[{""args"":[{""args"":[{""args"":[{""name"":""volume"",""type"":""field""},{""args"":[{""name"":""volume"",""type"":""field""},{""type"":""number"",""value"":""1""}],""op"":""qlib:delay"",""type"":""call""}],""op"":""-"",""type"":""binary""},{""type"":""number"",""value"":""0""}],""op"":""qlib:elementwise_max"",""type"":""call""},{""type"":""number"",""value"":""60""}],""op"":""qlib:sum"",""type"":""call""},{""args"":[{""args"":[{""args"":[{""args"":[{""name"":""volume"",""type"":""field""},{""args"":[{""name"":""volume"",""type"":""field""},{""type"":""number"",""value"":""1""}],""op"":""qlib:delay"",""type"":""call""}],""op"":""-"",""type"":""binary""}],""op"":""qlib:abs"",""type"":""call""},{""type"":""number"",""value"":""60""}],""op"":""qlib:sum"",""type"":""call""},{""type"":""number"",""value"":""0.000000000001""}],""op"":""+"",""type"":""binary""}],""op"":""/"",""type"":""binary""}",qlib,NOT_VERIFIED,"[""qkg:record:f8e25ab8-a786-573c-8d53-675d3742c26b""]"
qkg:formula:805f588f-7e3b-5fbf-bb1b-85ec44d5c363,"Mean($close>Ref($close, 1), 10)-Mean($close<Ref($close, 1), 10)","-(qlib:mean(compare[>]($close,qlib:delay($close,1)),10),qlib:mean(compare[<]($close,qlib:delay($close,1)),10))","{""args"":[{""args"":[{""args"":[{""name"":""close"",""type"":""field""},{""args"":[{""name"":""close"",""type"":""field""},{""type"":""number"",""value"":""1""}],""op"":""qlib:delay"",""type"":""call""}],""ops"":["">""],""type"":""compare""},{""type"":""number"",""value"":""10""}],""op"":""qlib:mean"",""type"":""call""},{""args"":[{""args"":[{""name"":""close"",""type"":""field""},{""args"":[{""name"":""close"",""type"":""field""},{""type"":""number"",""value"":""1""}],""op"":""qlib:delay"",""type"":""call""}],""ops"":[""<""],""type"":""compare""},{""type"":""number"",""value"":""10""}],""op"":""qlib:mean"",""type"":""call""}],""op"":""-"",""type"":""binary""}",qlib,NOT_VERIFIED,"[""qkg:record:11e5ba45-6617-585d-ae8a-fa8fdec934aa""]"
qkg:formula:80948b84-d41f-5805-b502-ca4ba54a4c23,"Ref($close, 41)/$close","/(qlib:delay($close,41),$close)","{""args"":[{""args"":[{""name"":""close"",""type"":""field""},{""type"":""number"",""value"":""41""}],""op"":""qlib:delay"",""type"":""call""},{""name"":""close"",""type"":""field""}],""op"":""/"",""type"":""binary""}",qlib,NOT_VERIFIED,"[""qkg:record:198e3cf5-859b-55b0-a47a-93300410ebc3""]"
qkg:formula:8239c652-a169-590e-a4be-ca0581e4a9a2,"Ref($volume, 37)/($volume+1e-12)","/(qlib:delay($volume,37),+($volume,0.000000000001))","{""args"":[{""args"":[{""name"":""volume"",""type"":""field""},{""type"":""number"",""value"":""37""}],""op"":""qlib:delay"",""type"":""call""},{""args"":[{""name"":""volume"",""type"":""field""},{""type"":""number"",""value"":""0.000000000001""}],""op"":""+"",""type"":""binary""}],""op"":""/"",""type"":""binary""}",qlib,NOT_VERIFIED,"[""qkg:record:7648bba9-7e86-51b0-9a28-e3faeff0620c""]"
qkg:formula:824faf45-dad5-539c-9a50-a8b50c606878,"Sum(Greater(Ref($volume, 1)-$volume, 0), 20)/(Sum(Abs($volume-Ref($volume, 1)), 20)+1e-12)","/(qlib:sum(qlib:elementwise_max(-(qlib:delay($volume,1),$volume),0),20),+(qlib:sum(qlib:abs(-($volume,qlib:delay($volume,1))),20),0.000000000001))","{""args"":[{""args"":[{""args"":[{""args"":[{""args"":[{""name"":""volume"",""type"":""field""},{""type"":""number"",""value"":""1""}],""op"":""qlib:delay"",""type"":""call""},{""name"":""volume"",""type"":""field""}],""op"":""-"",""type"":""binary""},{""type"":""number"",""value"":""0""}],""op"":""qlib:elementwise_max"",""type"":""call""},{""type"":""number"",""value"":""20""}],""op"":""qlib:sum"",""type"":""call""},{""args"":[{""args"":[{""args"":[{""args"":[{""name"":""volume"",""type"":""field""},{""args"":[{""name"":""volume"",""type"":""field""},{""type"":""number"",""value"":""1""}],""op"":""qlib:delay"",""type"":""call""}],""op"":""-"",""type"":""binary""}],""op"":""qlib:abs"",""type"":""call""},{""type"":""number"",""value"":""20""}],""op"":""qlib:sum"",""type"":""call""},{""type"":""number"",""value"":""0.000000000001""}],""op"":""+"",""type"":""binary""}],""op"":""/"",""type"":""binary""}",qlib,NOT_VERIFIED,"[""qkg:record:0f3933c6-4a16-520a-b268-26e8a045281f""]"
qkg:formula:82da52f9-e40c-5768-80d8-737d001e1b16,"Ref($open, 30)/$close","/(qlib:delay($open,30),$close)","{""args"":[{""args"":[{""name"":""open"",""type"":""field""},{""type"":""number"",""value"":""30""}],""op"":""qlib:delay"",""type"":""call""},{""name"":""close"",""type"":""field""}],""op"":""/"",""type"":""binary""}",qlib,NOT_VERIFIED,"[""qkg:record:3745d05d-cd80-571d-9f80-ec2f973ea4fc""]"
qkg:formula:8318bc61-434b-502e-b234-02c73059b0cf,"Ref($close, 23)/$close","/(qlib:delay($close,23),$close)","{""args"":[{""args"":[{""name"":""close"",""type"":""field""},{""type"":""number"",""value"":""23""}],""op"":""qlib:delay"",""type"":""call""},{""name"":""close"",""type"":""field""}],""op"":""/"",""type"":""binary""}",qlib,NOT_VERIFIED,"[""qkg:record:b1b56274-1fc7-5af1-ac00-c736110ee7b6""]"
qkg:formula:8438d4c7-12fc-59a2-9669-97b8bd12b414,"Ref($volume, 8)/($volume+1e-12)","/(qlib:delay($volume,8),+($volume,0.000000000001))","{""args"":[{""args"":[{""name"":""volume"",""type"":""field""},{""type"":""number"",""value"":""8""}],""op"":""qlib:delay"",""type"":""call""},{""args"":[{""name"":""volume"",""type"":""field""},{""type"":""number"",""value"":""0.000000000001""}],""op"":""+"",""type"":""binary""}],""op"":""/"",""type"":""binary""}",qlib,NOT_VERIFIED,"[""qkg:record:2eab554a-6b3c-5fb3-894f-0d07c08c274c""]"
qkg:formula:84619734-65ca-582f-be82-f9f20becd3ce,"(Sum(Greater($close-Ref($close, 1), 0), 20)-Sum(Greater(Ref($close, 1)-$close, 0), 20))/(Sum(Abs($close-Ref($close, 1)), 20)+1e-12)","/(-(qlib:sum(qlib:elementwise_max(-($close,qlib:delay($close,1)),0),20),qlib:sum(qlib:elementwise_max(-(qlib:delay($close,1),$close),0),20)),+(qlib:sum(qlib:abs(-($close,qlib:delay($close,1))),20),0.000000000001))","{""args"":[{""args"":[{""args"":[{""args"":[{""args"":[{""name"":""close"",""type"":""field""},{""args"":[{""name"":""close"",""type"":""field""},{""type"":""number"",""value"":""1""}],""op"":""qlib:delay"",""type"":""call""}],""op"":""-"",""type"":""binary""},{""type"":""number"",""value"":""0""}],""op"":""qlib:elementwise_max"",""type"":""call""},{""type"":""number"",""value"":""20""}],""op"":""qlib:sum"",""type"":""call""},{""args"":[{""args"":[{""args"":[{""args"":[{""name"":""close"",""type"":""field""},{""type"":""number"",""value"":""1""}],""op"":""qlib:delay"",""type"":""call""},{""name"":""close"",""type"":""field""}],""op"":""-"",""type"":""binary""},{""type"":""number"",""value"":""0""}],""op"":""qlib:elementwise_max"",""type"":""call""},{""type"":""number"",""value"":""20""}],""op"":""qlib:sum"",""type"":""call""}],""op"":""-"",""type"":""binary""},{""args"":[{""args"":[{""args"":[{""args"":[{""name"":""close"",""type"":""field""},{""args"":[{""name"":""close"",""type"":""field""},{""type"":""number"",""value"":""1""}],""op"":""qlib:delay"",""type"":""call""}],""op"":""-"",""type"":""binary""}],""op"":""qlib:abs"",""type"":""call""},{""type"":""number"",""value"":""20""}],""op"":""qlib:sum"",""type"":""call""},{""type"":""number"",""value"":""0.000000000001""}],""op"":""+"",""type"":""binary""}],""op"":""/"",""type"":""binary""}",qlib,NOT_VERIFIED,"[""qkg:record:4057a502-242a-5af4-8cd7-a7e1f43a8169""]"
qkg:formula:84a77116-8b56-5eea-862d-fdfe3b8c1fc7,"Ref($open, 51)/$close","/(qlib:delay($open,51),$close)","{""args"":[{""args"":[{""name"":""open"",""type"":""field""},{""type"":""number"",""value"":""51""}],""op"":""qlib:delay"",""type"":""call""},{""name"":""close"",""type"":""field""}],""op"":""/"",""type"":""binary""}",qlib,NOT_VERIFIED,"[""qkg:record:27472c04-c4e0-5cdd-a747-e22f56777dcf""]"
qkg:formula:84d63ee3-91a1-5471-b8d9-fe6018629409,"Ref($volume, 24)/($volume+1e-12)","/(qlib:delay($volume,24),+($volume,0.000000000001))","{""args"":[{""args"":[{""name"":""volume"",""type"":""field""},{""type"":""number"",""value"":""24""}],""op"":""qlib:delay"",""type"":""call""},{""args"":[{""name"":""volume"",""type"":""field""},{""type"":""number"",""value"":""0.000000000001""}],""op"":""+"",""type"":""binary""}],""op"":""/"",""type"":""binary""}",qlib,NOT_VERIFIED,"[""qkg:record:44d1b497-17ac-54f7-9c61-d300bf9ece9a""]"
qkg:formula:8547e5d7-62bf-5f2a-addc-2c9cbf94fb2f,"Ref($volume, 30)/($volume+1e-12)","/(qlib:delay($volume,30),+($volume,0.000000000001))","{""args"":[{""args"":[{""name"":""volume"",""type"":""field""},{""type"":""number"",""value"":""30""}],""op"":""qlib:delay"",""type"":""call""},{""args"":[{""name"":""volume"",""type"":""field""},{""type"":""number"",""value"":""0.000000000001""}],""op"":""+"",""type"":""binary""}],""op"":""/"",""type"":""binary""}",qlib,NOT_VERIFIED,"[""qkg:record:171dd0d4-b3f3-54d6-b0c1-23dd7df2dfa6""]"
qkg:formula:8563dd8f-18c3-521f-8084-2b24dc6a874e,"Quantile($close, 60, 0.8)/$close","/(qlib:quantile($close,60,0.8),$close)","{""args"":[{""args"":[{""name"":""close"",""type"":""field""},{""type"":""number"",""value"":""60""},{""type"":""number"",""value"":""0.8""}],""op"":""qlib:quantile"",""type"":""call""},{""name"":""close"",""type"":""field""}],""op"":""/"",""type"":""binary""}",qlib,NOT_VERIFIED,"[""qkg:record:c244aac2-6caa-5806-a4a7-b1cf176ef8fc""]"
qkg:formula:859dfa12-8297-5d05-89fb-4054d3dfdf83,"Resi($close, 10)/$close","/(qlib:resi($close,10),$close)","{""args"":[{""args"":[{""name"":""close"",""type"":""field""},{""type"":""number"",""value"":""10""}],""op"":""qlib:resi"",""type"":""call""},{""name"":""close"",""type"":""field""}],""op"":""/"",""type"":""binary""}",qlib,NOT_VERIFIED,"[""qkg:record:21d5a7d4-474e-54e8-b753-def0bfc38e8b""]"
qkg:formula:860e4d99-1fc5-5e7b-b9ca-07987629da12,"Ref($high, 43)/$close","/(qlib:delay($high,43),$close)","{""args"":[{""args"":[{""name"":""high"",""type"":""field""},{""type"":""number"",""value"":""43""}],""op"":""qlib:delay"",""type"":""call""},{""name"":""close"",""type"":""field""}],""op"":""/"",""type"":""binary""}",qlib,NOT_VERIFIED,"[""qkg:record:0a74fd68-bb87-5f1b-8b28-ea128bd61a32""]"
qkg:formula:862b032d-6563-52fe-bf20-af6387928751,"Ref($close, 16)/$close","/(qlib:delay($close,16),$close)","{""args"":[{""args"":[{""name"":""close"",""type"":""field""},{""type"":""number"",""value"":""16""}],""op"":""qlib:delay"",""type"":""call""},{""name"":""close"",""type"":""field""}],""op"":""/"",""type"":""binary""}",qlib,NOT_VERIFIED,"[""qkg:record:62891fc3-07ee-59db-b186-dfebd90a91f1""]"
qkg:formula:862f9d89-8c8c-531c-aabf-8cd254343dde,"Ref($volume, 59)/($volume+1e-12)","/(qlib:delay($volume,59),+($volume,0.000000000001))","{""args"":[{""args"":[{""name"":""volume"",""type"":""field""},{""type"":""number"",""value"":""59""}],""op"":""qlib:delay"",""type"":""call""},{""args"":[{""name"":""volume"",""type"":""field""},{""type"":""number"",""value"":""0.000000000001""}],""op"":""+"",""type"":""binary""}],""op"":""/"",""type"":""binary""}",qlib,NOT_VERIFIED,"[""qkg:record:8cc0d27d-485b-5722-949a-42713adb36b4""]"
qkg:formula:8683327d-5e37-5792-be49-f746886d1ed2,"Ref($volume, 47)/($volume+1e-12)","/(qlib:delay($volume,47),+($volume,0.000000000001))","{""args"":[{""args"":[{""name"":""volume"",""type"":""field""},{""type"":""number"",""value"":""47""}],""op"":""qlib:delay"",""type"":""call""},{""args"":[{""name"":""volume"",""type"":""field""},{""type"":""number"",""value"":""0.000000000001""}],""op"":""+"",""type"":""binary""}],""op"":""/"",""type"":""binary""}",qlib,NOT_VERIFIED,"[""qkg:record:c04aba3c-dfb7-5db0-b985-79b0beb8a7b7""]"
qkg:formula:8715d029-628b-588e-87b6-804c67b9a189,"Ref($low, 35)/$close","/(qlib:delay($low,35),$close)","{""args"":[{""args"":[{""name"":""low"",""type"":""field""},{""type"":""number"",""value"":""35""}],""op"":""qlib:delay"",""type"":""call""},{""name"":""close"",""type"":""field""}],""op"":""/"",""type"":""binary""}",qlib,NOT_VERIFIED,"[""qkg:record:4974176f-60d3-5e03-9466-fac57699ba6b""]"
qkg:formula:885e9e2c-88a1-5222-ad92-1c70e475863b,"Ref($low, 41)/$close","/(qlib:delay($low,41),$close)","{""args"":[{""args"":[{""name"":""low"",""type"":""field""},{""type"":""number"",""value"":""41""}],""op"":""qlib:delay"",""type"":""call""},{""name"":""close"",""type"":""field""}],""op"":""/"",""type"":""binary""}",qlib,NOT_VERIFIED,"[""qkg:record:d436474c-0173-5feb-824d-776442e1a43c""]"
qkg:formula:887456e0-3b54-5b08-81a4-48510634afb9,"Ref($low, 37)/$close","/(qlib:delay($low,37),$close)","{""args"":[{""args"":[{""name"":""low"",""type"":""field""},{""type"":""number"",""value"":""37""}],""op"":""qlib:delay"",""type"":""call""},{""name"":""close"",""type"":""field""}],""op"":""/"",""type"":""binary""}",qlib,NOT_VERIFIED,"[""qkg:record:85e69b53-6202-5954-b86f-6cf05534a937""]"
qkg:formula:887db8c6-9873-52e6-9f26-af300788c81d,"Ref($volume, 42)/($volume+1e-12)","/(qlib:delay($volume,42),+($volume,0.000000000001))","{""args"":[{""args"":[{""name"":""volume"",""type"":""field""},{""type"":""number"",""value"":""42""}],""op"":""qlib:delay"",""type"":""call""},{""args"":[{""name"":""volume"",""type"":""field""},{""type"":""number"",""value"":""0.000000000001""}],""op"":""+"",""type"":""binary""}],""op"":""/"",""type"":""binary""}",qlib,NOT_VERIFIED,"[""qkg:record:abb9b260-9b27-567d-b4f5-25e2af952188""]"
qkg:formula:88871037-29c5-548e-99c5-9ebe33b8b6ef,"Ref($open, 33)/$close","/(qlib:delay($open,33),$close)","{""args"":[{""args"":[{""name"":""open"",""type"":""field""},{""type"":""number"",""value"":""33""}],""op"":""qlib:delay"",""type"":""call""},{""name"":""close"",""type"":""field""}],""op"":""/"",""type"":""binary""}",qlib,NOT_VERIFIED,"[""qkg:record:dcdd7fdb-8558-59e5-9023-8f960144a621""]"
qkg:formula:89e79182-24b7-5c48-b947-9edaf0ac744a,"Ref($volume, 9)/($volume+1e-12)","/(qlib:delay($volume,9),+($volume,0.000000000001))","{""args"":[{""args"":[{""name"":""volume"",""type"":""field""},{""type"":""number"",""value"":""9""}],""op"":""qlib:delay"",""type"":""call""},{""args"":[{""name"":""volume"",""type"":""field""},{""type"":""number"",""value"":""0.000000000001""}],""op"":""+"",""type"":""binary""}],""op"":""/"",""type"":""binary""}",qlib,NOT_VERIFIED,"[""qkg:record:97e18ada-9369-5556-bbf5-9b6575abaa0a""]"
qkg:formula:89ed8ef4-84fc-5679-aa82-f5b193b8d2fd,"Ref($volume, 29)/($volume+1e-12)","/(qlib:delay($volume,29),+($volume,0.000000000001))","{""args"":[{""args"":[{""name"":""volume"",""type"":""field""},{""type"":""number"",""value"":""29""}],""op"":""qlib:delay"",""type"":""call""},{""args"":[{""name"":""volume"",""type"":""field""},{""type"":""number"",""value"":""0.000000000001""}],""op"":""+"",""type"":""binary""}],""op"":""/"",""type"":""binary""}",qlib,NOT_VERIFIED,"[""qkg:record:c03b5b0a-b0b0-59ca-a30f-cb0f50ac4e2d""]"
qkg:formula:8ba5ab32-b4d4-5941-8720-dd48bddf5dcf,"Ref($close, 22)/$close","/(qlib:delay($close,22),$close)","{""args"":[{""args"":[{""name"":""close"",""type"":""field""},{""type"":""number"",""value"":""22""}],""op"":""qlib:delay"",""type"":""call""},{""name"":""close"",""type"":""field""}],""op"":""/"",""type"":""binary""}",qlib,NOT_VERIFIED,"[""qkg:record:a302f526-2bed-5aff-abd5-82acdf84f73f""]"
qkg:formula:8c821025-b8de-5aad-9b78-a4daeb3175c6,"Ref($open, 4)/$close","/(qlib:delay($open,4),$close)","{""args"":[{""args"":[{""name"":""open"",""type"":""field""},{""type"":""number"",""value"":""4""}],""op"":""qlib:delay"",""type"":""call""},{""name"":""close"",""type"":""field""}],""op"":""/"",""type"":""binary""}",qlib,NOT_VERIFIED,"[""qkg:record:0091fd00-d7ef-5935-a9fa-974b2c7d6984""]"
qkg:formula:8dc77829-e948-5615-b00f-b38a157fc671,"Ref($open, 23)/$close","/(qlib:delay($open,23),$close)","{""args"":[{""args"":[{""name"":""open"",""type"":""field""},{""type"":""number"",""value"":""23""}],""op"":""qlib:delay"",""type"":""call""},{""name"":""close"",""type"":""field""}],""op"":""/"",""type"":""binary""}",qlib,NOT_VERIFIED,"[""qkg:record:bf5fc5a0-d6d0-52af-8011-fd6647cc4f00""]"
qkg:formula:8e31ba70-6f8d-544a-8731-e4c00f498927,"Ref($low, 47)/$close","/(qlib:delay($low,47),$close)","{""args"":[{""args"":[{""name"":""low"",""type"":""field""},{""type"":""number"",""value"":""47""}],""op"":""qlib:delay"",""type"":""call""},{""name"":""close"",""type"":""field""}],""op"":""/"",""type"":""binary""}",qlib,NOT_VERIFIED,"[""qkg:record:4a24a62a-5776-50db-8de9-db3ef2df7c5e""]"
qkg:formula:8ebc68af-6f68-50d0-a076-07177ffbd6f7,"Ref($volume, 21)/($volume+1e-12)","/(qlib:delay($volume,21),+($volume,0.000000000001))","{""args"":[{""args"":[{""name"":""volume"",""type"":""field""},{""type"":""number"",""value"":""21""}],""op"":""qlib:delay"",""type"":""call""},{""args"":[{""name"":""volume"",""type"":""field""},{""type"":""number"",""value"":""0.000000000001""}],""op"":""+"",""type"":""binary""}],""op"":""/"",""type"":""binary""}",qlib,NOT_VERIFIED,"[""qkg:record:31e89baf-3dcc-5fbe-8af9-5d96d12e7568""]"
qkg:formula:8f6d24c7-8a0a-5093-9c23-c7e86030662a,"Ref($low, 49)/$close","/(qlib:delay($low,49),$close)","{""args"":[{""args"":[{""name"":""low"",""type"":""field""},{""type"":""number"",""value"":""49""}],""op"":""qlib:delay"",""type"":""call""},{""name"":""close"",""type"":""field""}],""op"":""/"",""type"":""binary""}",qlib,NOT_VERIFIED,"[""qkg:record:30c4da50-1d4a-50d8-83f0-d83abaab0437""]"
qkg:formula:91ecc9b6-0b86-55f5-9e3f-894dc97feeff,"Ref($close, 9)/$close","/(qlib:delay($close,9),$close)","{""args"":[{""args"":[{""name"":""close"",""type"":""field""},{""type"":""number"",""value"":""9""}],""op"":""qlib:delay"",""type"":""call""},{""name"":""close"",""type"":""field""}],""op"":""/"",""type"":""binary""}",qlib,NOT_VERIFIED,"[""qkg:record:378e3e8f-77c9-5e7f-8580-e6e419d51201""]"
qkg:formula:938b7b1d-aeaa-5251-b551-9ab9c9b2fa94,"Ref($close, 50)/$close","/(qlib:delay($close,50),$close)","{""args"":[{""args"":[{""name"":""close"",""type"":""field""},{""type"":""number"",""value"":""50""}],""op"":""qlib:delay"",""type"":""call""},{""name"":""close"",""type"":""field""}],""op"":""/"",""type"":""binary""}",qlib,NOT_VERIFIED,"[""qkg:record:9bde0f27-204e-5e8c-902b-518bd58bf07f""]"
qkg:formula:940cec16-1272-599f-a4fb-6eb65d0c0da3,"Ref($high, 20)/$close","/(qlib:delay($high,20),$close)","{""args"":[{""args"":[{""name"":""high"",""type"":""field""},{""type"":""number"",""value"":""20""}],""op"":""qlib:delay"",""type"":""call""},{""name"":""close"",""type"":""field""}],""op"":""/"",""type"":""binary""}",qlib,NOT_VERIFIED,"[""qkg:record:32966c56-b2a9-54de-a6ad-e04d2ae226f2""]"
qkg:formula:94302189-3803-5272-b89e-062e28e04208,"Max($high, 30)/$close","/(qlib:ts_max($high,30),$close)","{""args"":[{""args"":[{""name"":""high"",""type"":""field""},{""type"":""number"",""value"":""30""}],""op"":""qlib:ts_max"",""type"":""call""},{""name"":""close"",""type"":""field""}],""op"":""/"",""type"":""binary""}",qlib,NOT_VERIFIED,"[""qkg:record:2ce23aba-4830-5505-aa4b-ba0f929b6d66""]"
qkg:formula:9434cc62-dc14-5ace-b557-db0425866bed,"Ref($low, 24)/$close","/(qlib:delay($low,24),$close)","{""args"":[{""args"":[{""name"":""low"",""type"":""field""},{""type"":""number"",""value"":""24""}],""op"":""qlib:delay"",""type"":""call""},{""name"":""close"",""type"":""field""}],""op"":""/"",""type"":""binary""}",qlib,NOT_VERIFIED,"[""qkg:record:40dc0d5f-2c99-5322-bb15-f8a67de5e130""]"
qkg:formula:953b17b0-2d9f-59ec-bf43-0bd0f0851312,"Ref($low, 31)/$close","/(qlib:delay($low,31),$close)","{""args"":[{""args"":[{""name"":""low"",""type"":""field""},{""type"":""number"",""value"":""31""}],""op"":""qlib:delay"",""type"":""call""},{""name"":""close"",""type"":""field""}],""op"":""/"",""type"":""binary""}",qlib,NOT_VERIFIED,"[""qkg:record:f090931e-4625-50f2-8c59-061e5416c34e""]"
qkg:formula:9554c390-8eeb-50d1-8d69-2b54809c7701,"Ref($low, 30)/$close","/(qlib:delay($low,30),$close)","{""args"":[{""args"":[{""name"":""low"",""type"":""field""},{""type"":""number"",""value"":""30""}],""op"":""qlib:delay"",""type"":""call""},{""name"":""close"",""type"":""field""}],""op"":""/"",""type"":""binary""}",qlib,NOT_VERIFIED,"[""qkg:record:73f43949-dcb4-55f5-86dd-81040f2f240d""]"
qkg:formula:95586466-9ee1-5557-b431-0f43686bf5fe,"Ref($high, 26)/$close","/(qlib:delay($high,26),$close)","{""args"":[{""args"":[{""name"":""high"",""type"":""field""},{""type"":""number"",""value"":""26""}],""op"":""qlib:delay"",""type"":""call""},{""name"":""close"",""type"":""field""}],""op"":""/"",""type"":""binary""}",qlib,NOT_VERIFIED,"[""qkg:record:89c63e79-1a30-57ae-9f30-3c9519b5b17f""]"
qkg:formula:956c5e63-410e-5ecc-a39b-c86cab7acd2e,"Resi($close, 60)/$close","/(qlib:resi($close,60),$close)","{""args"":[{""args"":[{""name"":""close"",""type"":""field""},{""type"":""number"",""value"":""60""}],""op"":""qlib:resi"",""type"":""call""},{""name"":""close"",""type"":""field""}],""op"":""/"",""type"":""binary""}",qlib,NOT_VERIFIED,"[""qkg:record:9aef0ff8-f618-53c5-b57c-8c14f6b43170""]"
qkg:formula:958cbb25-3e0f-50d3-be27-9d663533514a,"Min($low, 10)/$close","/(qlib:ts_min($low,10),$close)","{""args"":[{""args"":[{""name"":""low"",""type"":""field""},{""type"":""number"",""value"":""10""}],""op"":""qlib:ts_min"",""type"":""call""},{""name"":""close"",""type"":""field""}],""op"":""/"",""type"":""binary""}",qlib,NOT_VERIFIED,"[""qkg:record:857ca16b-97e3-5b4f-be66-2c4d7f5dee4d""]"
qkg:formula:95ffb60f-2cd2-51ae-b8a5-64ff0e377318,"Ref($volume, 52)/($volume+1e-12)","/(qlib:delay($volume,52),+($volume,0.000000000001))","{""args"":[{""args"":[{""name"":""volume"",""type"":""field""},{""type"":""number"",""value"":""52""}],""op"":""qlib:delay"",""type"":""call""},{""args"":[{""name"":""volume"",""type"":""field""},{""type"":""number"",""value"":""0.000000000001""}],""op"":""+"",""type"":""binary""}],""op"":""/"",""type"":""binary""}",qlib,NOT_VERIFIED,"[""qkg:record:64f8a6ae-43ac-539e-88bb-ccb0ca79fa7d""]"
qkg:formula:9615c7c9-6c31-504c-9deb-ffdc812f9d6f,"($close-Min($low, 5))/(Max($high, 5)-Min($low, 5)+1e-12)","/(-($close,qlib:ts_min($low,5)),+(-(qlib:ts_max($high,5),qlib:ts_min($low,5)),0.000000000001))","{""args"":[{""args"":[{""name"":""close"",""type"":""field""},{""args"":[{""name"":""low"",""type"":""field""},{""type"":""number"",""value"":""5""}],""op"":""qlib:ts_min"",""type"":""call""}],""op"":""-"",""type"":""binary""},{""args"":[{""args"":[{""args"":[{""name"":""high"",""type"":""field""},{""type"":""number"",""value"":""5""}],""op"":""qlib:ts_max"",""type"":""call""},{""args"":[{""name"":""low"",""type"":""field""},{""type"":""number"",""value"":""5""}],""op"":""qlib:ts_min"",""type"":""call""}],""op"":""-"",""type"":""binary""},{""type"":""number"",""value"":""0.000000000001""}],""op"":""+"",""type"":""binary""}],""op"":""/"",""type"":""binary""}",qlib,NOT_VERIFIED,"[""qkg:record:f8cf321d-ebf9-538d-87eb-3b41b87cffb9""]"
qkg:formula:970620b6-18c3-5f5f-bcff-c8a3aa8b2b54,"Corr($close, Log($volume+1), 20)","qlib:corr($close,qlib:log(+($volume,1)),20)","{""args"":[{""name"":""close"",""type"":""field""},{""args"":[{""args"":[{""name"":""volume"",""type"":""field""},{""type"":""number"",""value"":""1""}],""op"":""+"",""type"":""binary""}],""op"":""qlib:log"",""type"":""call""},{""type"":""number"",""value"":""20""}],""op"":""qlib:corr"",""type"":""call""}",qlib,NOT_VERIFIED,"[""qkg:record:f3e74cf2-0745-5b5e-a269-977c0d9bf041""]"
qkg:formula:976e9a3b-f149-5512-af08-6539532395d8,"Ref($vwap, 54)/$close","/(qlib:delay($vwap,54),$close)","{""args"":[{""args"":[{""name"":""vwap"",""type"":""field""},{""type"":""number"",""value"":""54""}],""op"":""qlib:delay"",""type"":""call""},{""name"":""close"",""type"":""field""}],""op"":""/"",""type"":""binary""}",qlib,NOT_VERIFIED,"[""qkg:record:727b99fa-5173-5a34-8cc6-ea7a0dc14e39""]"
qkg:formula:97da2568-e8b2-5e83-8936-1fea7156eb5e,"Ref($high, 3)/$close","/(qlib:delay($high,3),$close)","{""args"":[{""args"":[{""name"":""high"",""type"":""field""},{""type"":""number"",""value"":""3""}],""op"":""qlib:delay"",""type"":""call""},{""name"":""close"",""type"":""field""}],""op"":""/"",""type"":""binary""}",qlib,NOT_VERIFIED,"[""qkg:record:a71bf1a8-0a28-5de1-86f5-a4d3d3eead37""]"
qkg:formula:97f9d024-e5e1-5758-8303-e387229a69a4,"Ref($low, 22)/$close","/(qlib:delay($low,22),$close)","{""args"":[{""args"":[{""name"":""low"",""type"":""field""},{""type"":""number"",""value"":""22""}],""op"":""qlib:delay"",""type"":""call""},{""name"":""close"",""type"":""field""}],""op"":""/"",""type"":""binary""}",qlib,NOT_VERIFIED,"[""qkg:record:3698a2c6-7982-5d6e-b437-1c99d842972a""]"
qkg:formula:98e3b5ba-508f-5de0-a01e-c6fa533dd26c,"Ref($vwap, 39)/$close","/(qlib:delay($vwap,39),$close)","{""args"":[{""args"":[{""name"":""vwap"",""type"":""field""},{""type"":""number"",""value"":""39""}],""op"":""qlib:delay"",""type"":""call""},{""name"":""close"",""type"":""field""}],""op"":""/"",""type"":""binary""}",qlib,NOT_VERIFIED,"[""qkg:record:b139a576-98ed-5b08-98c9-297982d641ea""]"
qkg:formula:99289dec-11f9-5234-85ea-bce97c899050,"Ref($close, 58)/$close","/(qlib:delay($close,58),$close)","{""args"":[{""args"":[{""name"":""close"",""type"":""field""},{""type"":""number"",""value"":""58""}],""op"":""qlib:delay"",""type"":""call""},{""name"":""close"",""type"":""field""}],""op"":""/"",""type"":""binary""}",qlib,NOT_VERIFIED,"[""qkg:record:143591f8-e637-5928-bd17-c8c3e5f76ebb""]"
qkg:formula:99a77bd8-e809-54ab-9ff0-1a42972f9826,"Ref($close, 30)/$close","/(qlib:delay($close,30),$close)","{""args"":[{""args"":[{""name"":""close"",""type"":""field""},{""type"":""number"",""value"":""30""}],""op"":""qlib:delay"",""type"":""call""},{""name"":""close"",""type"":""field""}],""op"":""/"",""type"":""binary""}",qlib,NOT_VERIFIED,"[""qkg:record:7e2a7472-fa9b-5242-bf1f-576326fba7a0"",""qkg:record:959518a1-59d4-53b7-b98b-2eeea7f96ca3""]"
qkg:formula:99b42913-3e3b-5b5c-99b6-9732c3619251,"Ref($open, 2)/$close","/(qlib:delay($open,2),$close)","{""args"":[{""args"":[{""name"":""open"",""type"":""field""},{""type"":""number"",""value"":""2""}],""op"":""qlib:delay"",""type"":""call""},{""name"":""close"",""type"":""field""}],""op"":""/"",""type"":""binary""}",qlib,NOT_VERIFIED,"[""qkg:record:99eabcd8-5ac1-5999-86b1-6bea6a5d9dfe""]"
qkg:formula:9aa4c6ac-7e06-5386-8eab-78bb2f29282a,$low/$close,"/($low,$close)","{""args"":[{""name"":""low"",""type"":""field""},{""name"":""close"",""type"":""field""}],""op"":""/"",""type"":""binary""}",qlib,NOT_VERIFIED,"[""qkg:record:76d17a69-4593-5db6-85c8-b4ee19b48f43"",""qkg:record:c9ed9f5a-0b57-58ea-9511-0c5d1cfd19a9""]"
qkg:formula:9aa95ec7-f596-596f-8327-db37714228d1,"Ref($vwap, 36)/$close","/(qlib:delay($vwap,36),$close)","{""args"":[{""args"":[{""name"":""vwap"",""type"":""field""},{""type"":""number"",""value"":""36""}],""op"":""qlib:delay"",""type"":""call""},{""name"":""close"",""type"":""field""}],""op"":""/"",""type"":""binary""}",qlib,NOT_VERIFIED,"[""qkg:record:a71ab366-dc12-5d62-8952-4fbda8e2c954""]"
qkg:formula:9b7cc589-3f0b-572c-add1-edb221100edf,"Ref($vwap, 4)/$close","/(qlib:delay($vwap,4),$close)","{""args"":[{""args"":[{""name"":""vwap"",""type"":""field""},{""type"":""number"",""value"":""4""}],""op"":""qlib:delay"",""type"":""call""},{""name"":""close"",""type"":""field""}],""op"":""/"",""type"":""binary""}",qlib,NOT_VERIFIED,"[""qkg:record:df2239af-d418-5819-b51c-bad16d54b3b6""]"
qkg:formula:9b8e8e9d-2bc0-509b-8985-0fa1e3503fe7,"($close-Min($low, 20))/(Max($high, 20)-Min($low, 20)+1e-12)","/(-($close,qlib:ts_min($low,20)),+(-(qlib:ts_max($high,20),qlib:ts_min($low,20)),0.000000000001))","{""args"":[{""args"":[{""name"":""close"",""type"":""field""},{""args"":[{""name"":""low"",""type"":""field""},{""type"":""number"",""value"":""20""}],""op"":""qlib:ts_min"",""type"":""call""}],""op"":""-"",""type"":""binary""},{""args"":[{""args"":[{""args"":[{""name"":""high"",""type"":""field""},{""type"":""number"",""value"":""20""}],""op"":""qlib:ts_max"",""type"":""call""},{""args"":[{""name"":""low"",""type"":""field""},{""type"":""number"",""value"":""20""}],""op"":""qlib:ts_min"",""type"":""call""}],""op"":""-"",""type"":""binary""},{""type"":""number"",""value"":""0.000000000001""}],""op"":""+"",""type"":""binary""}],""op"":""/"",""type"":""binary""}",qlib,NOT_VERIFIED,"[""qkg:record:8d587b80-8b3e-54b9-98ef-3b44e7f27458""]"
qkg:formula:9c2d3946-bc85-5249-adf0-6bd96894cd16,"Ref($volume, 6)/($volume+1e-12)","/(qlib:delay($volume,6),+($volume,0.000000000001))","{""args"":[{""args"":[{""name"":""volume"",""type"":""field""},{""type"":""number"",""value"":""6""}],""op"":""qlib:delay"",""type"":""call""},{""args"":[{""name"":""volume"",""type"":""field""},{""type"":""number"",""value"":""0.000000000001""}],""op"":""+"",""type"":""binary""}],""op"":""/"",""type"":""binary""}",qlib,NOT_VERIFIED,"[""qkg:record:9964e099-a413-5a5f-b9a0-e24961e5774f""]"
qkg:formula:9ccdb284-2696-5a73-b79f-a1e2c3c85319,"Ref($close, 46)/$close","/(qlib:delay($close,46),$close)","{""args"":[{""args"":[{""name"":""close"",""type"":""field""},{""type"":""number"",""value"":""46""}],""op"":""qlib:delay"",""type"":""call""},{""name"":""close"",""type"":""field""}],""op"":""/"",""type"":""binary""}",qlib,NOT_VERIFIED,"[""qkg:record:a7ee4fcb-fe83-54bf-8642-06726e0941f2""]"
qkg:formula:9d1a148c-6689-5afd-889c-2c9474069b95,"Ref($close, 32)/$close","/(qlib:delay($close,32),$close)","{""args"":[{""args"":[{""name"":""close"",""type"":""field""},{""type"":""number"",""value"":""32""}],""op"":""qlib:delay"",""type"":""call""},{""name"":""close"",""type"":""field""}],""op"":""/"",""type"":""binary""}",qlib,NOT_VERIFIED,"[""qkg:record:83010fdd-67f4-589a-814e-91c25dc290c7""]"
qkg:formula:9dce43cb-35e3-5455-8a4e-d24d24a1eb5e,"Ref($low, 7)/$close","/(qlib:delay($low,7),$close)","{""args"":[{""args"":[{""name"":""low"",""type"":""field""},{""type"":""number"",""value"":""7""}],""op"":""qlib:delay"",""type"":""call""},{""name"":""close"",""type"":""field""}],""op"":""/"",""type"":""binary""}",qlib,NOT_VERIFIED,"[""qkg:record:e05420ee-adde-57ad-8c01-a127c1d6ab47""]"
qkg:formula:9ea8a995-b0d3-5bc5-96be-1c47a8428039,"Mean($close<Ref($close, 1), 20)","qlib:mean(compare[<]($close,qlib:delay($close,1)),20)","{""args"":[{""args"":[{""name"":""close"",""type"":""field""},{""args"":[{""name"":""close"",""type"":""field""},{""type"":""number"",""value"":""1""}],""op"":""qlib:delay"",""type"":""call""}],""ops"":[""<""],""type"":""compare""},{""type"":""number"",""value"":""20""}],""op"":""qlib:mean"",""type"":""call""}",qlib,NOT_VERIFIED,"[""qkg:record:2c4b9c72-9caa-5bf3-b728-9faaf9271974""]"
qkg:formula:9f2727e2-c3b0-55c2-a073-44bf044fcbd7,"Ref($close, 57)/$close","/(qlib:delay($close,57),$close)","{""args"":[{""args"":[{""name"":""close"",""type"":""field""},{""type"":""number"",""value"":""57""}],""op"":""qlib:delay"",""type"":""call""},{""name"":""close"",""type"":""field""}],""op"":""/"",""type"":""binary""}",qlib,NOT_VERIFIED,"[""qkg:record:b653b261-f7dc-5178-a9a5-b882b19d8bf4""]"
qkg:formula:a0cbfa02-708d-5b9a-afd1-b20723d5c8c1,"Slope($close, 60)/$close","/(qlib:slope($close,60),$close)","{""args"":[{""args"":[{""name"":""close"",""type"":""field""},{""type"":""number"",""value"":""60""}],""op"":""qlib:slope"",""type"":""call""},{""name"":""close"",""type"":""field""}],""op"":""/"",""type"":""binary""}",qlib,NOT_VERIFIED,"[""qkg:record:9626b6bb-de0e-59f5-95c3-aab51b0e8212""]"
qkg:formula:a189b33a-58c0-540d-8bb9-c7657fd339ef,"(IdxMax($high, 5)-IdxMin($low, 5))/5","/(-(qlib:ts_argmax($high,5),qlib:ts_argmin($low,5)),5)","{""args"":[{""args"":[{""args"":[{""name"":""high"",""type"":""field""},{""type"":""number"",""value"":""5""}],""op"":""qlib:ts_argmax"",""type"":""call""},{""args"":[{""name"":""low"",""type"":""field""},{""type"":""number"",""value"":""5""}],""op"":""qlib:ts_argmin"",""type"":""call""}],""op"":""-"",""type"":""binary""},{""type"":""number"",""value"":""5""}],""op"":""/"",""type"":""binary""}",qlib,NOT_VERIFIED,"[""qkg:record:04d2863e-2717-5f06-9f03-922901d64422""]"
qkg:formula:a1f3fddf-f1bf-58c0-b631-385eae5437f8,"Ref($open, 47)/$close","/(qlib:delay($open,47),$close)","{""args"":[{""args"":[{""name"":""open"",""type"":""field""},{""type"":""number"",""value"":""47""}],""op"":""qlib:delay"",""type"":""call""},{""name"":""close"",""type"":""field""}],""op"":""/"",""type"":""binary""}",qlib,NOT_VERIFIED,"[""qkg:record:6b60fe59-0068-580f-9591-8854defdcf99""]"
qkg:formula:a2bc2b22-3f4e-5437-88c2-a29a86db706c,"Ref($high, 50)/$close","/(qlib:delay($high,50),$close)","{""args"":[{""args"":[{""name"":""high"",""type"":""field""},{""type"":""number"",""value"":""50""}],""op"":""qlib:delay"",""type"":""call""},{""name"":""close"",""type"":""field""}],""op"":""/"",""type"":""binary""}",qlib,NOT_VERIFIED,"[""qkg:record:1ecbd121-44b7-5014-a529-ee2573abf265""]"
qkg:formula:a2f6b1d3-0abd-59a6-83c4-64411c0fae40,"Ref($low, 14)/$close","/(qlib:delay($low,14),$close)","{""args"":[{""args"":[{""name"":""low"",""type"":""field""},{""type"":""number"",""value"":""14""}],""op"":""qlib:delay"",""type"":""call""},{""name"":""close"",""type"":""field""}],""op"":""/"",""type"":""binary""}",qlib,NOT_VERIFIED,"[""qkg:record:5f282c40-ba11-5204-ac64-f4d35255f628""]"
qkg:formula:a342aee2-4738-5664-ac11-9f14a3d0b791,"Ref($close, 44)/$close","/(qlib:delay($close,44),$close)","{""args"":[{""args"":[{""name"":""close"",""type"":""field""},{""type"":""number"",""value"":""44""}],""op"":""qlib:delay"",""type"":""call""},{""name"":""close"",""type"":""field""}],""op"":""/"",""type"":""binary""}",qlib,NOT_VERIFIED,"[""qkg:record:dbff99f3-bdd9-5775-bcc4-470116a6ff87""]"
qkg:formula:a40dd40d-26fb-530b-a520-d7d0c783b064,"Ref($high, 46)/$close","/(qlib:delay($high,46),$close)","{""args"":[{""args"":[{""name"":""high"",""type"":""field""},{""type"":""number"",""value"":""46""}],""op"":""qlib:delay"",""type"":""call""},{""name"":""close"",""type"":""field""}],""op"":""/"",""type"":""binary""}",qlib,NOT_VERIFIED,"[""qkg:record:37b645a5-23c1-5f56-a3f6-50d2218d886d""]"
qkg:formula:a48829a1-68bc-51d4-aefe-084789dcba71,"Ref($vwap, 25)/$close","/(qlib:delay($vwap,25),$close)","{""args"":[{""args"":[{""name"":""vwap"",""type"":""field""},{""type"":""number"",""value"":""25""}],""op"":""qlib:delay"",""type"":""call""},{""name"":""close"",""type"":""field""}],""op"":""/"",""type"":""binary""}",qlib,NOT_VERIFIED,"[""qkg:record:2ec4d273-f604-5268-9f82-0c0b4ec02415""]"
qkg:formula:a4b95c60-70ef-5dad-b249-9d69d6c1dc20,"(IdxMax($high, 60)-IdxMin($low, 60))/60","/(-(qlib:ts_argmax($high,60),qlib:ts_argmin($low,60)),60)","{""args"":[{""args"":[{""args"":[{""name"":""high"",""type"":""field""},{""type"":""number"",""value"":""60""}],""op"":""qlib:ts_argmax"",""type"":""call""},{""args"":[{""name"":""low"",""type"":""field""},{""type"":""number"",""value"":""60""}],""op"":""qlib:ts_argmin"",""type"":""call""}],""op"":""-"",""type"":""binary""},{""type"":""number"",""value"":""60""}],""op"":""/"",""type"":""binary""}",qlib,NOT_VERIFIED,"[""qkg:record:f2fe5136-3f60-5456-9a21-dc2397057879""]"
qkg:formula:a612df1e-49ae-5988-8921-de9ab9e70a2d,"Ref($volume, 23)/($volume+1e-12)","/(qlib:delay($volume,23),+($volume,0.000000000001))","{""args"":[{""args"":[{""name"":""volume"",""type"":""field""},{""type"":""number"",""value"":""23""}],""op"":""qlib:delay"",""type"":""call""},{""args"":[{""name"":""volume"",""type"":""field""},{""type"":""number"",""value"":""0.000000000001""}],""op"":""+"",""type"":""binary""}],""op"":""/"",""type"":""binary""}",qlib,NOT_VERIFIED,"[""qkg:record:5bf2e1e9-37f7-53b5-9ccf-ff2a778d7668""]"
qkg:formula:a6144d8b-05d6-5062-b1ca-79c52266ffab,"Ref($low, 54)/$close","/(qlib:delay($low,54),$close)","{""args"":[{""args"":[{""name"":""low"",""type"":""field""},{""type"":""number"",""value"":""54""}],""op"":""qlib:delay"",""type"":""call""},{""name"":""close"",""type"":""field""}],""op"":""/"",""type"":""binary""}",qlib,NOT_VERIFIED,"[""qkg:record:31192796-daf9-5407-81ed-c92f88e2f7c1""]"
qkg:formula:a656361f-1f61-5c9f-bb02-b7582c501cfa,"Max($high, 5)/$close","/(qlib:ts_max($high,5),$close)","{""args"":[{""args"":[{""name"":""high"",""type"":""field""},{""type"":""number"",""value"":""5""}],""op"":""qlib:ts_max"",""type"":""call""},{""name"":""close"",""type"":""field""}],""op"":""/"",""type"":""binary""}",qlib,NOT_VERIFIED,"[""qkg:record:bf14a101-c6f8-5f8e-b4c3-bdef6c5f7ed1""]"
qkg:formula:a77ebf29-6042-50f3-b040-2ab2d484db1e,"Ref($open, 38)/$close","/(qlib:delay($open,38),$close)","{""args"":[{""args"":[{""name"":""open"",""type"":""field""},{""type"":""number"",""value"":""38""}],""op"":""qlib:delay"",""type"":""call""},{""name"":""close"",""type"":""field""}],""op"":""/"",""type"":""binary""}",qlib,NOT_VERIFIED,"[""qkg:record:ae039aa6-376c-52f2-86a5-d6c471ec0ed1""]"
qkg:formula:a8dcae80-4655-566b-ae0e-9528c6dad3ea,"Ref($vwap, 6)/$close","/(qlib:delay($vwap,6),$close)","{""args"":[{""args"":[{""name"":""vwap"",""type"":""field""},{""type"":""number"",""value"":""6""}],""op"":""qlib:delay"",""type"":""call""},{""name"":""close"",""type"":""field""}],""op"":""/"",""type"":""binary""}",qlib,NOT_VERIFIED,"[""qkg:record:ab91495c-edac-510a-8241-4230bbf1c4f4""]"
qkg:formula:a94738df-ae04-57ea-a108-a3c6ffd5ae9e,"Ref($open, 57)/$close","/(qlib:delay($open,57),$close)","{""args"":[{""args"":[{""name"":""open"",""type"":""field""},{""type"":""number"",""value"":""57""}],""op"":""qlib:delay"",""type"":""call""},{""name"":""close"",""type"":""field""}],""op"":""/"",""type"":""binary""}",qlib,NOT_VERIFIED,"[""qkg:record:05ce8746-5b6c-56a7-9559-8d232728bf08""]"
qkg:formula:a9723c3c-01eb-50d1-85bc-647e25785dba,"Ref($high, 56)/$close","/(qlib:delay($high,56),$close)","{""args"":[{""args"":[{""name"":""high"",""type"":""field""},{""type"":""number"",""value"":""56""}],""op"":""qlib:delay"",""type"":""call""},{""name"":""close"",""type"":""field""}],""op"":""/"",""type"":""binary""}",qlib,NOT_VERIFIED,"[""qkg:record:4a87f553-a793-5b88-b7eb-2f0dda69620f""]"
qkg:formula:a97af644-830c-5f31-ac6c-aade14388417,"Ref($volume, 28)/($volume+1e-12)","/(qlib:delay($volume,28),+($volume,0.000000000001))","{""args"":[{""args"":[{""name"":""volume"",""type"":""field""},{""type"":""number"",""value"":""28""}],""op"":""qlib:delay"",""type"":""call""},{""args"":[{""name"":""volume"",""type"":""field""},{""type"":""number"",""value"":""0.000000000001""}],""op"":""+"",""type"":""binary""}],""op"":""/"",""type"":""binary""}",qlib,NOT_VERIFIED,"[""qkg:record:65ba57a6-175d-51cb-959d-aead9383d4a0""]"
qkg:formula:a9989f60-51aa-5486-b683-1f87318ad27e,(2*$close-$high-$low)/($high-$low+1e-12),"/(-(-(*(2,$close),$high),$low),+(-($high,$low),0.000000000001))","{""args"":[{""args"":[{""args"":[{""args"":[{""type"":""number"",""value"":""2""},{""name"":""close"",""type"":""field""}],""op"":""*"",""type"":""binary""},{""name"":""high"",""type"":""field""}],""op"":""-"",""type"":""binary""},{""name"":""low"",""type"":""field""}],""op"":""-"",""type"":""binary""},{""args"":[{""args"":[{""name"":""high"",""type"":""field""},{""name"":""low"",""type"":""field""}],""op"":""-"",""type"":""binary""},{""type"":""number"",""value"":""0.000000000001""}],""op"":""+"",""type"":""binary""}],""op"":""/"",""type"":""binary""}",qlib,NOT_VERIFIED,"[""qkg:record:427eb478-52dc-5632-af03-e696ed9a0ac9""]"
qkg:formula:aaf3e3a1-d8ec-5528-b26e-3f29376026bd,"Ref($volume, 10)/($volume+1e-12)","/(qlib:delay($volume,10),+($volume,0.000000000001))","{""args"":[{""args"":[{""name"":""volume"",""type"":""field""},{""type"":""number"",""value"":""10""}],""op"":""qlib:delay"",""type"":""call""},{""args"":[{""name"":""volume"",""type"":""field""},{""type"":""number"",""value"":""0.000000000001""}],""op"":""+"",""type"":""binary""}],""op"":""/"",""type"":""binary""}",qlib,NOT_VERIFIED,"[""qkg:record:9995fd8e-8666-5d01-866e-1559d148132c""]"
qkg:formula:ab4e87a9-9fa3-5fc0-bbf7-500a234bea3b,"Ref($low, 1)/$close","/(qlib:delay($low,1),$close)","{""args"":[{""args"":[{""name"":""low"",""type"":""field""},{""type"":""number"",""value"":""1""}],""op"":""qlib:delay"",""type"":""call""},{""name"":""close"",""type"":""field""}],""op"":""/"",""type"":""binary""}",qlib,NOT_VERIFIED,"[""qkg:record:b3a936c3-95f5-5485-9cf1-aa426a7910c7""]"
qkg:formula:ab895d3a-00a3-50b0-afd7-83b11ae1eb3a,"Ref($open, 5)/$close","/(qlib:delay($open,5),$close)","{""args"":[{""args"":[{""name"":""open"",""type"":""field""},{""type"":""number"",""value"":""5""}],""op"":""qlib:delay"",""type"":""call""},{""name"":""close"",""type"":""field""}],""op"":""/"",""type"":""binary""}",qlib,NOT_VERIFIED,"[""qkg:record:57f3754c-2185-5772-930e-581023e1d6eb""]"
qkg:formula:abca9b9a-bc6a-5510-9f89-496947452adf,"Ref($vwap, 38)/$close","/(qlib:delay($vwap,38),$close)","{""args"":[{""args"":[{""name"":""vwap"",""type"":""field""},{""type"":""number"",""value"":""38""}],""op"":""qlib:delay"",""type"":""call""},{""name"":""close"",""type"":""field""}],""op"":""/"",""type"":""binary""}",qlib,NOT_VERIFIED,"[""qkg:record:630c9fed-9056-50af-92f2-642edd5c1fc7""]"
qkg:formula:ac60e1e1-2820-50f5-a5b2-f005459d9735,"Ref($close, 17)/$close","/(qlib:delay($close,17),$close)","{""args"":[{""args"":[{""name"":""close"",""type"":""field""},{""type"":""number"",""value"":""17""}],""op"":""qlib:delay"",""type"":""call""},{""name"":""close"",""type"":""field""}],""op"":""/"",""type"":""binary""}",qlib,NOT_VERIFIED,"[""qkg:record:a1e4f08d-669e-5621-af3f-b142ae4b1000""]"
qkg:formula:ace13f86-9687-5018-bda3-e0550b94987d,($high-$low)/$open,"/(-($high,$low),$open)","{""args"":[{""args"":[{""name"":""high"",""type"":""field""},{""name"":""low"",""type"":""field""}],""op"":""-"",""type"":""binary""},{""name"":""open"",""type"":""field""}],""op"":""/"",""type"":""binary""}",qlib,NOT_VERIFIED,"[""qkg:record:d86e1165-fc12-551a-a3af-22310a09f847""]"
qkg:formula:aec5a5ef-964a-5a2f-93cd-99c7993ae20b,"Ref($high, 23)/$close","/(qlib:delay($high,23),$close)","{""args"":[{""args"":[{""name"":""high"",""type"":""field""},{""type"":""number"",""value"":""23""}],""op"":""qlib:delay"",""type"":""call""},{""name"":""close"",""type"":""field""}],""op"":""/"",""type"":""binary""}",qlib,NOT_VERIFIED,"[""qkg:record:3d94ee5b-3f9c-5e20-823c-8c850a5c45e3""]"
qkg:formula:affa44b0-4a5b-51fd-bca7-1f3ef4473d33,"Ref($close, 7)/$close","/(qlib:delay($close,7),$close)","{""args"":[{""args"":[{""name"":""close"",""type"":""field""},{""type"":""number"",""value"":""7""}],""op"":""qlib:delay"",""type"":""call""},{""name"":""close"",""type"":""field""}],""op"":""/"",""type"":""binary""}",qlib,NOT_VERIFIED,"[""qkg:record:c5706375-9809-5393-a464-4694f53f3a6b""]"
qkg:formula:b0e1b1ac-cd56-5e80-8934-d887e1de6b29,"Ref($low, 56)/$close","/(qlib:delay($low,56),$close)","{""args"":[{""args"":[{""name"":""low"",""type"":""field""},{""type"":""number"",""value"":""56""}],""op"":""qlib:delay"",""type"":""call""},{""name"":""close"",""type"":""field""}],""op"":""/"",""type"":""binary""}",qlib,NOT_VERIFIED,"[""qkg:record:f146bd06-aec0-51c3-bafb-a175ca3342a7""]"
qkg:formula:b11fe755-df98-5d5f-973a-97effb0639af,"Std(Abs($close/Ref($close, 1)-1)*$volume, 60)/(Mean(Abs($close/Ref($close, 1)-1)*$volume, 60)+1e-12)","/(qlib:std(*(qlib:abs(-(/($close,qlib:delay($close,1)),1)),$volume),60),+(qlib:mean(*(qlib:abs(-(/($close,qlib:delay($close,1)),1)),$volume),60),0.000000000001))","{""args"":[{""args"":[{""args"":[{""args"":[{""args"":[{""args"":[{""name"":""close"",""type"":""field""},{""args"":[{""name"":""close"",""type"":""field""},{""type"":""number"",""value"":""1""}],""op"":""qlib:delay"",""type"":""call""}],""op"":""/"",""type"":""binary""},{""type"":""number"",""value"":""1""}],""op"":""-"",""type"":""binary""}],""op"":""qlib:abs"",""type"":""call""},{""name"":""volume"",""type"":""field""}],""op"":""*"",""type"":""binary""},{""type"":""number"",""value"":""60""}],""op"":""qlib:std"",""type"":""call""},{""args"":[{""args"":[{""args"":[{""args"":[{""args"":[{""args"":[{""name"":""close"",""type"":""field""},{""args"":[{""name"":""close"",""type"":""field""},{""type"":""number"",""value"":""1""}],""op"":""qlib:delay"",""type"":""call""}],""op"":""/"",""type"":""binary""},{""type"":""number"",""value"":""1""}],""op"":""-"",""type"":""binary""}],""op"":""qlib:abs"",""type"":""call""},{""name"":""volume"",""type"":""field""}],""op"":""*"",""type"":""binary""},{""type"":""number"",""value"":""60""}],""op"":""qlib:mean"",""type"":""call""},{""type"":""number"",""value"":""0.000000000001""}],""op"":""+"",""type"":""binary""}],""op"":""/"",""type"":""binary""}",qlib,NOT_VERIFIED,"[""qkg:record:f70025b8-b009-5df7-bc0d-3cc52cc0695c""]"
qkg:formula:b1316582-f6e1-5165-9371-751cdcdf8836,"Min($low, 20)/$close","/(qlib:ts_min($low,20),$close)","{""args"":[{""args"":[{""name"":""low"",""type"":""field""},{""type"":""number"",""value"":""20""}],""op"":""qlib:ts_min"",""type"":""call""},{""name"":""close"",""type"":""field""}],""op"":""/"",""type"":""binary""}",qlib,NOT_VERIFIED,"[""qkg:record:b4d1d2f5-5b98-5a54-a1f8-af5b8a7e3f17""]"
qkg:formula:b147a879-2097-5ab8-b7b5-281e50d54c85,"Ref($high, 55)/$close","/(qlib:delay($high,55),$close)","{""args"":[{""args"":[{""name"":""high"",""type"":""field""},{""type"":""number"",""value"":""55""}],""op"":""qlib:delay"",""type"":""call""},{""name"":""close"",""type"":""field""}],""op"":""/"",""type"":""binary""}",qlib,NOT_VERIFIED,"[""qkg:record:c7b22818-baf7-5c4d-ae1d-6b62e00ccfe6""]"
qkg:formula:b1e8ea65-1c22-5d69-a69e-062be0ce6436,"Ref($volume, 33)/($volume+1e-12)","/(qlib:delay($volume,33),+($volume,0.000000000001))","{""args"":[{""args"":[{""name"":""volume"",""type"":""field""},{""type"":""number"",""value"":""33""}],""op"":""qlib:delay"",""type"":""call""},{""args"":[{""name"":""volume"",""type"":""field""},{""type"":""number"",""value"":""0.000000000001""}],""op"":""+"",""type"":""binary""}],""op"":""/"",""type"":""binary""}",qlib,NOT_VERIFIED,"[""qkg:record:752586b4-3baa-53d6-a1bf-a7d819491fbb""]"
qkg:formula:b27cf56c-dfcb-5731-a397-64a728426d25,"Ref($low, 26)/$close","/(qlib:delay($low,26),$close)","{""args"":[{""args"":[{""name"":""low"",""type"":""field""},{""type"":""number"",""value"":""26""}],""op"":""qlib:delay"",""type"":""call""},{""name"":""close"",""type"":""field""}],""op"":""/"",""type"":""binary""}",qlib,NOT_VERIFIED,"[""qkg:record:de0bf019-239b-5fc0-a025-44e847eae7b1""]"
qkg:formula:b2c999de-4766-5fdf-8e47-46d99c5baa2f,"Ref($open, 56)/$close","/(qlib:delay($open,56),$close)","{""args"":[{""args"":[{""name"":""open"",""type"":""field""},{""type"":""number"",""value"":""56""}],""op"":""qlib:delay"",""type"":""call""},{""name"":""close"",""type"":""field""}],""op"":""/"",""type"":""binary""}",qlib,NOT_VERIFIED,"[""qkg:record:a52a34d4-d008-522a-b554-ddcafd02ae7f""]"
qkg:formula:b3be0454-78bf-59aa-8107-e951789a6a13,"Ref($open, 28)/$close","/(qlib:delay($open,28),$close)","{""args"":[{""args"":[{""name"":""open"",""type"":""field""},{""type"":""number"",""value"":""28""}],""op"":""qlib:delay"",""type"":""call""},{""name"":""close"",""type"":""field""}],""op"":""/"",""type"":""binary""}",qlib,NOT_VERIFIED,"[""qkg:record:841d4d2e-5696-57ad-b06c-ed7e0a7434b4""]"
qkg:formula:b409d668-d27b-5657-9a59-bccdd5d4839e,"Ref($open, 26)/$close","/(qlib:delay($open,26),$close)","{""args"":[{""args"":[{""name"":""open"",""type"":""field""},{""type"":""number"",""value"":""26""}],""op"":""qlib:delay"",""type"":""call""},{""name"":""close"",""type"":""field""}],""op"":""/"",""type"":""binary""}",qlib,NOT_VERIFIED,"[""qkg:record:1747c039-4f55-5d07-9b32-ffc7aec394a0""]"
qkg:formula:b49a154f-6c12-51bf-b945-06224373f19b,"Ref($high, 36)/$close","/(qlib:delay($high,36),$close)","{""args"":[{""args"":[{""name"":""high"",""type"":""field""},{""type"":""number"",""value"":""36""}],""op"":""qlib:delay"",""type"":""call""},{""name"":""close"",""type"":""field""}],""op"":""/"",""type"":""binary""}",qlib,NOT_VERIFIED,"[""qkg:record:dd1ad5e8-df1e-5d99-adfb-4c478f62414f""]"
qkg:formula:b4dc6183-aef4-521e-833f-3095cbbaf034,"Ref($vwap, 56)/$close","/(qlib:delay($vwap,56),$close)","{""args"":[{""args"":[{""name"":""vwap"",""type"":""field""},{""type"":""number"",""value"":""56""}],""op"":""qlib:delay"",""type"":""call""},{""name"":""close"",""type"":""field""}],""op"":""/"",""type"":""binary""}",qlib,NOT_VERIFIED,"[""qkg:record:ab0282d8-215a-529e-863d-83fb99e5e2e9""]"
qkg:formula:b5b52c53-9807-596d-a5ab-9369426f92e6,"Ref($high, 33)/$close","/(qlib:delay($high,33),$close)","{""args"":[{""args"":[{""name"":""high"",""type"":""field""},{""type"":""number"",""value"":""33""}],""op"":""qlib:delay"",""type"":""call""},{""name"":""close"",""type"":""field""}],""op"":""/"",""type"":""binary""}",qlib,NOT_VERIFIED,"[""qkg:record:22d51615-9ef0-575f-9809-0c078582ec24""]"
qkg:formula:b5b69437-fdc0-5adc-90c2-0872513ee20b,"Ref($high, 39)/$close","/(qlib:delay($high,39),$close)","{""args"":[{""args"":[{""name"":""high"",""type"":""field""},{""type"":""number"",""value"":""39""}],""op"":""qlib:delay"",""type"":""call""},{""name"":""close"",""type"":""field""}],""op"":""/"",""type"":""binary""}",qlib,NOT_VERIFIED,"[""qkg:record:4de2114a-2c30-52e8-83b5-8c5ae009e2e5""]"
qkg:formula:b5fb4c87-f871-5fec-948a-576047f1ff93,"Std($close, 30)/$close","/(qlib:std($close,30),$close)","{""args"":[{""args"":[{""name"":""close"",""type"":""field""},{""type"":""number"",""value"":""30""}],""op"":""qlib:std"",""type"":""call""},{""name"":""close"",""type"":""field""}],""op"":""/"",""type"":""binary""}",qlib,NOT_VERIFIED,"[""qkg:record:2d4cd4a9-8814-52d0-9a1a-a2e35437e9c6""]"
qkg:formula:b74894a2-2951-53e6-b220-5249c9122ad4,"Ref($close, 51)/$close","/(qlib:delay($close,51),$close)","{""args"":[{""args"":[{""name"":""close"",""type"":""field""},{""type"":""number"",""value"":""51""}],""op"":""qlib:delay"",""type"":""call""},{""name"":""close"",""type"":""field""}],""op"":""/"",""type"":""binary""}",qlib,NOT_VERIFIED,"[""qkg:record:b0b0ca41-fee5-5514-915b-a6c3209c8c77""]"
qkg:formula:b8d80e9e-4f38-5ff4-86b4-60afbe3e764c,"Corr($close/Ref($close,1), Log($volume/Ref($volume, 1)+1), 5)","qlib:corr(/($close,qlib:delay($close,1)),qlib:log(+(/($volume,qlib:delay($volume,1)),1)),5)","{""args"":[{""args"":[{""name"":""close"",""type"":""field""},{""args"":[{""name"":""close"",""type"":""field""},{""type"":""number"",""value"":""1""}],""op"":""qlib:delay"",""type"":""call""}],""op"":""/"",""type"":""binary""},{""args"":[{""args"":[{""args"":[{""name"":""volume"",""type"":""field""},{""args"":[{""name"":""volume"",""type"":""field""},{""type"":""number"",""value"":""1""}],""op"":""qlib:delay"",""type"":""call""}],""op"":""/"",""type"":""binary""},{""type"":""number"",""value"":""1""}],""op"":""+"",""type"":""binary""}],""op"":""qlib:log"",""type"":""call""},{""type"":""number"",""value"":""5""}],""op"":""qlib:corr"",""type"":""call""}",qlib,NOT_VERIFIED,"[""qkg:record:4a70aef2-57db-5cca-83b4-9b4809ae6dcc""]"
qkg:formula:b8edb8a1-d92f-5e9f-9bc9-a68f8de8519c,"Mean($close>Ref($close, 1), 20)","qlib:mean(compare[>]($close,qlib:delay($close,1)),20)","{""args"":[{""args"":[{""name"":""close"",""type"":""field""},{""args"":[{""name"":""close"",""type"":""field""},{""type"":""number"",""value"":""1""}],""op"":""qlib:delay"",""type"":""call""}],""ops"":["">""],""type"":""compare""},{""type"":""number"",""value"":""20""}],""op"":""qlib:mean"",""type"":""call""}",qlib,NOT_VERIFIED,"[""qkg:record:2631bec2-2070-5532-b4ab-3980fd08ecaa""]"
qkg:formula:b97e7450-7703-5ff1-8c50-abceb6f24473,"Ref($volume, 22)/($volume+1e-12)","/(qlib:delay($volume,22),+($volume,0.000000000001))","{""args"":[{""args"":[{""name"":""volume"",""type"":""field""},{""type"":""number"",""value"":""22""}],""op"":""qlib:delay"",""type"":""call""},{""args"":[{""name"":""volume"",""type"":""field""},{""type"":""number"",""value"":""0.000000000001""}],""op"":""+"",""type"":""binary""}],""op"":""/"",""type"":""binary""}",qlib,NOT_VERIFIED,"[""qkg:record:a528bd9a-1424-5958-96d9-3b51e35dcf89""]"
qkg:formula:b97ee4ca-bf3f-5a79-bf6c-801801ef637b,"Ref($vwap, 23)/$close","/(qlib:delay($vwap,23),$close)","{""args"":[{""args"":[{""name"":""vwap"",""type"":""field""},{""type"":""number"",""value"":""23""}],""op"":""qlib:delay"",""type"":""call""},{""name"":""close"",""type"":""field""}],""op"":""/"",""type"":""binary""}",qlib,NOT_VERIFIED,"[""qkg:record:2a0009f3-97b1-587c-91d9-b803536d67c0""]"
qkg:formula:ba03995a-120b-55cf-a8ff-d2c873131c77,"Ref($high, 22)/$close","/(qlib:delay($high,22),$close)","{""args"":[{""args"":[{""name"":""high"",""type"":""field""},{""type"":""number"",""value"":""22""}],""op"":""qlib:delay"",""type"":""call""},{""name"":""close"",""type"":""field""}],""op"":""/"",""type"":""binary""}",qlib,NOT_VERIFIED,"[""qkg:record:9a13d532-70e6-5409-abd0-61ff22a4976a""]"
qkg:formula:baea8d88-279e-59fa-b45c-437f2e30f506,"Corr($close, Log($volume+1), 60)","qlib:corr($close,qlib:log(+($volume,1)),60)","{""args"":[{""name"":""close"",""type"":""field""},{""args"":[{""args"":[{""name"":""volume"",""type"":""field""},{""type"":""number"",""value"":""1""}],""op"":""+"",""type"":""binary""}],""op"":""qlib:log"",""type"":""call""},{""type"":""number"",""value"":""60""}],""op"":""qlib:corr"",""type"":""call""}",qlib,NOT_VERIFIED,"[""qkg:record:c9dbb81c-3130-553a-8641-9205cfdee3e4""]"
qkg:formula:bb41d633-561f-567f-9191-4afd004a3313,"Ref($high, 30)/$close","/(qlib:delay($high,30),$close)","{""args"":[{""args"":[{""name"":""high"",""type"":""field""},{""type"":""number"",""value"":""30""}],""op"":""qlib:delay"",""type"":""call""},{""name"":""close"",""type"":""field""}],""op"":""/"",""type"":""binary""}",qlib,NOT_VERIFIED,"[""qkg:record:498e8398-76f0-54b2-ae1e-b17e26e3c6de""]"
qkg:formula:bc059cc8-5607-52e3-8998-5c3e5684c9f8,"Mean($close<Ref($close, 1), 5)","qlib:mean(compare[<]($close,qlib:delay($close,1)),5)","{""args"":[{""args"":[{""name"":""close"",""type"":""field""},{""args"":[{""name"":""close"",""type"":""field""},{""type"":""number"",""value"":""1""}],""op"":""qlib:delay"",""type"":""call""}],""ops"":[""<""],""type"":""compare""},{""type"":""number"",""value"":""5""}],""op"":""qlib:mean"",""type"":""call""}",qlib,NOT_VERIFIED,"[""qkg:record:010062a5-d148-51f1-b375-68d11163293d""]"
qkg:formula:bc75e831-e786-5b76-95b0-df2936f0a37a,"Ref($volume, 55)/($volume+1e-12)","/(qlib:delay($volume,55),+($volume,0.000000000001))","{""args"":[{""args"":[{""name"":""volume"",""type"":""field""},{""type"":""number"",""value"":""55""}],""op"":""qlib:delay"",""type"":""call""},{""args"":[{""name"":""volume"",""type"":""field""},{""type"":""number"",""value"":""0.000000000001""}],""op"":""+"",""type"":""binary""}],""op"":""/"",""type"":""binary""}",qlib,NOT_VERIFIED,"[""qkg:record:d451f2fb-2207-59a2-8d9e-f8086476fcf4""]"
qkg:formula:bcba6033-3432-5f8d-bab1-618ee8f820a2,"Ref($vwap, 26)/$close","/(qlib:delay($vwap,26),$close)","{""args"":[{""args"":[{""name"":""vwap"",""type"":""field""},{""type"":""number"",""value"":""26""}],""op"":""qlib:delay"",""type"":""call""},{""name"":""close"",""type"":""field""}],""op"":""/"",""type"":""binary""}",qlib,NOT_VERIFIED,"[""qkg:record:5849d614-2cf9-5fbb-8355-c867a8a3b4aa""]"
qkg:formula:bdcf668e-af20-5c71-b87d-ce8510f79366,"Ref($close, 29)/$close","/(qlib:delay($close,29),$close)","{""args"":[{""args"":[{""name"":""close"",""type"":""field""},{""type"":""number"",""value"":""29""}],""op"":""qlib:delay"",""type"":""call""},{""name"":""close"",""type"":""field""}],""op"":""/"",""type"":""binary""}",qlib,NOT_VERIFIED,"[""qkg:record:3a99a820-9055-5ebb-a800-7dbf685f3f04""]"
qkg:formula:bf1cced4-4652-5441-82dc-ab9193678d0d,"Ref($high, 27)/$close","/(qlib:delay($high,27),$close)","{""args"":[{""args"":[{""name"":""high"",""type"":""field""},{""type"":""number"",""value"":""27""}],""op"":""qlib:delay"",""type"":""call""},{""name"":""close"",""type"":""field""}],""op"":""/"",""type"":""binary""}",qlib,NOT_VERIFIED,"[""qkg:record:4215cb6e-07f9-535d-9cc0-397923ed632b""]"
qkg:formula:c01bb56f-010b-5730-bc52-89e49cc61ef6,"Ref($open, 52)/$close","/(qlib:delay($open,52),$close)","{""args"":[{""args"":[{""name"":""open"",""type"":""field""},{""type"":""number"",""value"":""52""}],""op"":""qlib:delay"",""type"":""call""},{""name"":""close"",""type"":""field""}],""op"":""/"",""type"":""binary""}",qlib,NOT_VERIFIED,"[""qkg:record:69b885ac-48eb-5a27-be05-323eafbc761d""]"
qkg:formula:c0bf7bc6-483b-560e-9233-42e9fabe5c47,"Ref($volume, 11)/($volume+1e-12)","/(qlib:delay($volume,11),+($volume,0.000000000001))","{""args"":[{""args"":[{""name"":""volume"",""type"":""field""},{""type"":""number"",""value"":""11""}],""op"":""qlib:delay"",""type"":""call""},{""args"":[{""name"":""volume"",""type"":""field""},{""type"":""number"",""value"":""0.000000000001""}],""op"":""+"",""type"":""binary""}],""op"":""/"",""type"":""binary""}",qlib,NOT_VERIFIED,"[""qkg:record:ba8e4fee-ae99-56ea-8563-2aa26143b1f1""]"
qkg:formula:c0cb204f-f9ef-56f7-a11b-46a17224d21f,"Ref($vwap, 20)/$close","/(qlib:delay($vwap,20),$close)","{""args"":[{""args"":[{""name"":""vwap"",""type"":""field""},{""type"":""number"",""value"":""20""}],""op"":""qlib:delay"",""type"":""call""},{""name"":""close"",""type"":""field""}],""op"":""/"",""type"":""binary""}",qlib,NOT_VERIFIED,"[""qkg:record:43ce4da4-7523-555f-9300-02b8b8a9e8b0""]"
qkg:formula:c0d29b02-955b-5ece-91a7-631812b923f0,"Ref($close, 3)/$close","/(qlib:delay($close,3),$close)","{""args"":[{""args"":[{""name"":""close"",""type"":""field""},{""type"":""number"",""value"":""3""}],""op"":""qlib:delay"",""type"":""call""},{""name"":""close"",""type"":""field""}],""op"":""/"",""type"":""binary""}",qlib,NOT_VERIFIED,"[""qkg:record:2177a265-6041-5d60-9d10-53dc87ab62f9""]"
qkg:formula:c1458508-9116-5db8-abec-2ab14bf5efc0,"Ref($close, 1)/$close","/(qlib:delay($close,1),$close)","{""args"":[{""args"":[{""name"":""close"",""type"":""field""},{""type"":""number"",""value"":""1""}],""op"":""qlib:delay"",""type"":""call""},{""name"":""close"",""type"":""field""}],""op"":""/"",""type"":""binary""}",qlib,NOT_VERIFIED,"[""qkg:record:17073d1d-0114-59d1-9ac6-57f2ab183b04""]"
qkg:formula:c2c22f4b-d0ce-5cd4-8419-2bf5b5c20ec6,(2*$close-$high-$low)/$open,"/(-(-(*(2,$close),$high),$low),$open)","{""args"":[{""args"":[{""args"":[{""args"":[{""type"":""number"",""value"":""2""},{""name"":""close"",""type"":""field""}],""op"":""*"",""type"":""binary""},{""name"":""high"",""type"":""field""}],""op"":""-"",""type"":""binary""},{""name"":""low"",""type"":""field""}],""op"":""-"",""type"":""binary""},{""name"":""open"",""type"":""field""}],""op"":""/"",""type"":""binary""}",qlib,NOT_VERIFIED,"[""qkg:record:830bd54f-9d0b-5191-9bf8-e93390b4d230""]"
qkg:formula:c2de9d85-eef0-5367-9d87-83f20b952668,"Ref($open, 48)/$close","/(qlib:delay($open,48),$close)","{""args"":[{""args"":[{""name"":""open"",""type"":""field""},{""type"":""number"",""value"":""48""}],""op"":""qlib:delay"",""type"":""call""},{""name"":""close"",""type"":""field""}],""op"":""/"",""type"":""binary""}",qlib,NOT_VERIFIED,"[""qkg:record:25d63ef5-5861-589d-9375-d6b58ad01348""]"
qkg:formula:c35514f3-bd0d-5548-b403-0e74269b5c76,"Ref($high, 49)/$close","/(qlib:delay($high,49),$close)","{""args"":[{""args"":[{""name"":""high"",""type"":""field""},{""type"":""number"",""value"":""49""}],""op"":""qlib:delay"",""type"":""call""},{""name"":""close"",""type"":""field""}],""op"":""/"",""type"":""binary""}",qlib,NOT_VERIFIED,"[""qkg:record:bc31d9df-d841-5d08-af04-8002bb8ff4f8""]"
qkg:formula:c39d774b-a530-5eab-afc9-6392c6d43351,"Ref($high, 41)/$close","/(qlib:delay($high,41),$close)","{""args"":[{""args"":[{""name"":""high"",""type"":""field""},{""type"":""number"",""value"":""41""}],""op"":""qlib:delay"",""type"":""call""},{""name"":""close"",""type"":""field""}],""op"":""/"",""type"":""binary""}",qlib,NOT_VERIFIED,"[""qkg:record:8f71209a-17bc-5948-b35c-9d0e0ed77dcf""]"
qkg:formula:c415c1fc-b506-527e-83e8-a1dd8ba71219,"Mean($close, 30)/$close","/(qlib:mean($close,30),$close)","{""args"":[{""args"":[{""name"":""close"",""type"":""field""},{""type"":""number"",""value"":""30""}],""op"":""qlib:mean"",""type"":""call""},{""name"":""close"",""type"":""field""}],""op"":""/"",""type"":""binary""}",qlib,NOT_VERIFIED,"[""qkg:record:a523ebda-e3ec-5494-92dd-9be82fbec75d""]"
qkg:formula:c457378e-7ec0-55f8-a5d2-21c0006fcee2,"Ref($close, 31)/$close","/(qlib:delay($close,31),$close)","{""args"":[{""args"":[{""name"":""close"",""type"":""field""},{""type"":""number"",""value"":""31""}],""op"":""qlib:delay"",""type"":""call""},{""name"":""close"",""type"":""field""}],""op"":""/"",""type"":""binary""}",qlib,NOT_VERIFIED,"[""qkg:record:a6deaf75-0529-5b92-be07-07a0f8ff8cf9""]"
qkg:formula:c4fbde4b-80c7-5932-a04b-39780b85f76e,"Ref($low, 21)/$close","/(qlib:delay($low,21),$close)","{""args"":[{""args"":[{""name"":""low"",""type"":""field""},{""type"":""number"",""value"":""21""}],""op"":""qlib:delay"",""type"":""call""},{""name"":""close"",""type"":""field""}],""op"":""/"",""type"":""binary""}",qlib,NOT_VERIFIED,"[""qkg:record:5f4671d6-ceab-56b4-ae7a-ae2185f8ffef""]"
qkg:formula:c54b61f5-beb5-544a-9f73-9eccf015cb75,"Ref($open, 40)/$close","/(qlib:delay($open,40),$close)","{""args"":[{""args"":[{""name"":""open"",""type"":""field""},{""type"":""number"",""value"":""40""}],""op"":""qlib:delay"",""type"":""call""},{""name"":""close"",""type"":""field""}],""op"":""/"",""type"":""binary""}",qlib,NOT_VERIFIED,"[""qkg:record:7f9c6bfc-b22d-518c-87e2-463563f77cb9""]"
qkg:formula:c5b1cc90-ad90-5fc4-a1ff-2407eb41ac5e,"Ref($close, 4)/$close","/(qlib:delay($close,4),$close)","{""args"":[{""args"":[{""name"":""close"",""type"":""field""},{""type"":""number"",""value"":""4""}],""op"":""qlib:delay"",""type"":""call""},{""name"":""close"",""type"":""field""}],""op"":""/"",""type"":""binary""}",qlib,NOT_VERIFIED,"[""qkg:record:a20bc03d-8b56-5c7d-8d58-480d90be4055""]"
qkg:formula:c5eba5d5-51a1-598a-8ffd-b1d8bf6a50f0,"Ref($volume, 5)/($volume+1e-12)","/(qlib:delay($volume,5),+($volume,0.000000000001))","{""args"":[{""args"":[{""name"":""volume"",""type"":""field""},{""type"":""number"",""value"":""5""}],""op"":""qlib:delay"",""type"":""call""},{""args"":[{""name"":""volume"",""type"":""field""},{""type"":""number"",""value"":""0.000000000001""}],""op"":""+"",""type"":""binary""}],""op"":""/"",""type"":""binary""}",qlib,NOT_VERIFIED,"[""qkg:record:793b7dee-afd0-5152-9b9e-cbdd46455af8""]"
qkg:formula:c6085676-94aa-5494-ad54-a492d22e9f72,"(IdxMax($high, 10)-IdxMin($low, 10))/10","/(-(qlib:ts_argmax($high,10),qlib:ts_argmin($low,10)),10)","{""args"":[{""args"":[{""args"":[{""name"":""high"",""type"":""field""},{""type"":""number"",""value"":""10""}],""op"":""qlib:ts_argmax"",""type"":""call""},{""args"":[{""name"":""low"",""type"":""field""},{""type"":""number"",""value"":""10""}],""op"":""qlib:ts_argmin"",""type"":""call""}],""op"":""-"",""type"":""binary""},{""type"":""number"",""value"":""10""}],""op"":""/"",""type"":""binary""}",qlib,NOT_VERIFIED,"[""qkg:record:e4cf8377-9788-5f4c-8780-24bc1b225715""]"
qkg:formula:c68e0c97-8a6b-57d7-b8f2-261c8f6b9cb3,"Ref($open, 15)/$close","/(qlib:delay($open,15),$close)","{""args"":[{""args"":[{""name"":""open"",""type"":""field""},{""type"":""number"",""value"":""15""}],""op"":""qlib:delay"",""type"":""call""},{""name"":""close"",""type"":""field""}],""op"":""/"",""type"":""binary""}",qlib,NOT_VERIFIED,"[""qkg:record:172530eb-c7f7-50c6-8f51-8430cb4aa3ca""]"
qkg:formula:c6df2284-3886-511b-9ab0-fb297f98b6f4,"Mean($volume, 30)/($volume+1e-12)","/(qlib:mean($volume,30),+($volume,0.000000000001))","{""args"":[{""args"":[{""name"":""volume"",""type"":""field""},{""type"":""number"",""value"":""30""}],""op"":""qlib:mean"",""type"":""call""},{""args"":[{""name"":""volume"",""type"":""field""},{""type"":""number"",""value"":""0.000000000001""}],""op"":""+"",""type"":""binary""}],""op"":""/"",""type"":""binary""}",qlib,NOT_VERIFIED,"[""qkg:record:07b67ab7-19b0-54d3-bf70-ae682d9ce2bd""]"
qkg:formula:c7263a32-892b-54d4-a2c7-5d755f0452dd,"Ref($vwap, 55)/$close","/(qlib:delay($vwap,55),$close)","{""args"":[{""args"":[{""name"":""vwap"",""type"":""field""},{""type"":""number"",""value"":""55""}],""op"":""qlib:delay"",""type"":""call""},{""name"":""close"",""type"":""field""}],""op"":""/"",""type"":""binary""}",qlib,NOT_VERIFIED,"[""qkg:record:b4f40531-9bb9-55e5-befa-f99d77a75253""]"
qkg:formula:c8044689-7196-50d2-b9c3-4e2581a55244,"Ref($close, 14)/$close","/(qlib:delay($close,14),$close)","{""args"":[{""args"":[{""name"":""close"",""type"":""field""},{""type"":""number"",""value"":""14""}],""op"":""qlib:delay"",""type"":""call""},{""name"":""close"",""type"":""field""}],""op"":""/"",""type"":""binary""}",qlib,NOT_VERIFIED,"[""qkg:record:3696c0c6-ca82-5f37-8d4e-dae8abfb71ec""]"
qkg:formula:c8bfb92c-b39e-59af-9dbd-c0f0fd9af10a,"Ref($vwap, 59)/$close","/(qlib:delay($vwap,59),$close)","{""args"":[{""args"":[{""name"":""vwap"",""type"":""field""},{""type"":""number"",""value"":""59""}],""op"":""qlib:delay"",""type"":""call""},{""name"":""close"",""type"":""field""}],""op"":""/"",""type"":""binary""}",qlib,NOT_VERIFIED,"[""qkg:record:dd79f324-5dd9-56ba-b456-ea1745e9da82""]"
qkg:formula:c937a6c0-c872-567d-b783-111061136559,"Ref($low, 44)/$close","/(qlib:delay($low,44),$close)","{""args"":[{""args"":[{""name"":""low"",""type"":""field""},{""type"":""number"",""value"":""44""}],""op"":""qlib:delay"",""type"":""call""},{""name"":""close"",""type"":""field""}],""op"":""/"",""type"":""binary""}",qlib,NOT_VERIFIED,"[""qkg:record:5b70a46c-c113-572f-9d59-e302ee6bf91d""]"
qkg:formula:c94babdb-4645-58e3-8979-3d28b991ff83,"Ref($volume, 49)/($volume+1e-12)","/(qlib:delay($volume,49),+($volume,0.000000000001))","{""args"":[{""args"":[{""name"":""volume"",""type"":""field""},{""type"":""number"",""value"":""49""}],""op"":""qlib:delay"",""type"":""call""},{""args"":[{""name"":""volume"",""type"":""field""},{""type"":""number"",""value"":""0.000000000001""}],""op"":""+"",""type"":""binary""}],""op"":""/"",""type"":""binary""}",qlib,NOT_VERIFIED,"[""qkg:record:57845320-01bf-5d1f-8e86-03570f29aa04""]"
qkg:formula:c9f1cb8f-69ea-5514-8748-f96b2151c733,"Ref($open, 45)/$close","/(qlib:delay($open,45),$close)","{""args"":[{""args"":[{""name"":""open"",""type"":""field""},{""type"":""number"",""value"":""45""}],""op"":""qlib:delay"",""type"":""call""},{""name"":""close"",""type"":""field""}],""op"":""/"",""type"":""binary""}",qlib,NOT_VERIFIED,"[""qkg:record:5d0970f0-2422-583a-9e84-e75bc94dadc5""]"
qkg:formula:cab0955f-5f7b-5872-803b-63e3538e6d7c,"Ref($vwap, 12)/$close","/(qlib:delay($vwap,12),$close)","{""args"":[{""args"":[{""name"":""vwap"",""type"":""field""},{""type"":""number"",""value"":""12""}],""op"":""qlib:delay"",""type"":""call""},{""name"":""close"",""type"":""field""}],""op"":""/"",""type"":""binary""}",qlib,NOT_VERIFIED,"[""qkg:record:937c10e1-6fc3-5ed3-871c-d9879718afca""]"
qkg:formula:caffbf30-6e8d-58ed-922f-74c97664e8be,"(Sum(Greater($close-Ref($close, 1), 0), 5)-Sum(Greater(Ref($close, 1)-$close, 0), 5))/(Sum(Abs($close-Ref($close, 1)), 5)+1e-12)","/(-(qlib:sum(qlib:elementwise_max(-($close,qlib:delay($close,1)),0),5),qlib:sum(qlib:elementwise_max(-(qlib:delay($close,1),$close),0),5)),+(qlib:sum(qlib:abs(-($close,qlib:delay($close,1))),5),0.000000000001))","{""args"":[{""args"":[{""args"":[{""args"":[{""args"":[{""name"":""close"",""type"":""field""},{""args"":[{""name"":""close"",""type"":""field""},{""type"":""number"",""value"":""1""}],""op"":""qlib:delay"",""type"":""call""}],""op"":""-"",""type"":""binary""},{""type"":""number"",""value"":""0""}],""op"":""qlib:elementwise_max"",""type"":""call""},{""type"":""number"",""value"":""5""}],""op"":""qlib:sum"",""type"":""call""},{""args"":[{""args"":[{""args"":[{""args"":[{""name"":""close"",""type"":""field""},{""type"":""number"",""value"":""1""}],""op"":""qlib:delay"",""type"":""call""},{""name"":""close"",""type"":""field""}],""op"":""-"",""type"":""binary""},{""type"":""number"",""value"":""0""}],""op"":""qlib:elementwise_max"",""type"":""call""},{""type"":""number"",""value"":""5""}],""op"":""qlib:sum"",""type"":""call""}],""op"":""-"",""type"":""binary""},{""args"":[{""args"":[{""args"":[{""args"":[{""name"":""close"",""type"":""field""},{""args"":[{""name"":""close"",""type"":""field""},{""type"":""number"",""value"":""1""}],""op"":""qlib:delay"",""type"":""call""}],""op"":""-"",""type"":""binary""}],""op"":""qlib:abs"",""type"":""call""},{""type"":""number"",""value"":""5""}],""op"":""qlib:sum"",""type"":""call""},{""type"":""number"",""value"":""0.000000000001""}],""op"":""+"",""type"":""binary""}],""op"":""/"",""type"":""binary""}",qlib,NOT_VERIFIED,"[""qkg:record:12c9c159-c3fc-5caa-abae-0efdfaff8e63""]"
qkg:formula:cb068bb0-6d83-55a5-8ec3-ed31c72327af,"Ref($volume, 46)/($volume+1e-12)","/(qlib:delay($volume,46),+($volume,0.000000000001))","{""args"":[{""args"":[{""name"":""volume"",""type"":""field""},{""type"":""number"",""value"":""46""}],""op"":""qlib:delay"",""type"":""call""},{""args"":[{""name"":""volume"",""type"":""field""},{""type"":""number"",""value"":""0.000000000001""}],""op"":""+"",""type"":""binary""}],""op"":""/"",""type"":""binary""}",qlib,NOT_VERIFIED,"[""qkg:record:46b63d75-6098-51f2-867b-3606d31a86cf""]"
qkg:formula:cb784519-6f82-56e0-86ef-69e10c6884c6,"Ref($close, 39)/$close","/(qlib:delay($close,39),$close)","{""args"":[{""args"":[{""name"":""close"",""type"":""field""},{""type"":""number"",""value"":""39""}],""op"":""qlib:delay"",""type"":""call""},{""name"":""close"",""type"":""field""}],""op"":""/"",""type"":""binary""}",qlib,NOT_VERIFIED,"[""qkg:record:f0363a56-b96f-579b-89a7-a66b142d31f9""]"
qkg:formula:cc66f750-b3aa-5ea0-951e-b55f4c4ebbc1,"Mean($volume, 60)/($volume+1e-12)","/(qlib:mean($volume,60),+($volume,0.000000000001))","{""args"":[{""args"":[{""name"":""volume"",""type"":""field""},{""type"":""number"",""value"":""60""}],""op"":""qlib:mean"",""type"":""call""},{""args"":[{""name"":""volume"",""type"":""field""},{""type"":""number"",""value"":""0.000000000001""}],""op"":""+"",""type"":""binary""}],""op"":""/"",""type"":""binary""}",qlib,NOT_VERIFIED,"[""qkg:record:36d7ce89-ec8a-5d33-a3cb-0f534fa2e837""]"
qkg:formula:ccea5cb0-1ea5-5e69-9604-ee3662e31713,"Ref($high, 32)/$close","/(qlib:delay($high,32),$close)","{""args"":[{""args"":[{""name"":""high"",""type"":""field""},{""type"":""number"",""value"":""32""}],""op"":""qlib:delay"",""type"":""call""},{""name"":""close"",""type"":""field""}],""op"":""/"",""type"":""binary""}",qlib,NOT_VERIFIED,"[""qkg:record:5c466c9f-0011-5843-9c3c-a72eedf84097""]"
qkg:formula:cd283949-1c40-5959-8567-9bddbeb28e38,"Ref($low, 52)/$close","/(qlib:delay($low,52),$close)","{""args"":[{""args"":[{""name"":""low"",""type"":""field""},{""type"":""number"",""value"":""52""}],""op"":""qlib:delay"",""type"":""call""},{""name"":""close"",""type"":""field""}],""op"":""/"",""type"":""binary""}",qlib,NOT_VERIFIED,"[""qkg:record:979f15c9-8847-5ee7-a8d7-a07fccb8f3dd""]"
qkg:formula:cda4c7e4-9e2c-5c88-890e-93f909aca434,"Sum(Greater($volume-Ref($volume, 1), 0), 10)/(Sum(Abs($volume-Ref($volume, 1)), 10)+1e-12)","/(qlib:sum(qlib:elementwise_max(-($volume,qlib:delay($volume,1)),0),10),+(qlib:sum(qlib:abs(-($volume,qlib:delay($volume,1))),10),0.000000000001))","{""args"":[{""args"":[{""args"":[{""args"":[{""name"":""volume"",""type"":""field""},{""args"":[{""name"":""volume"",""type"":""field""},{""type"":""number"",""value"":""1""}],""op"":""qlib:delay"",""type"":""call""}],""op"":""-"",""type"":""binary""},{""type"":""number"",""value"":""0""}],""op"":""qlib:elementwise_max"",""type"":""call""},{""type"":""number"",""value"":""10""}],""op"":""qlib:sum"",""type"":""call""},{""args"":[{""args"":[{""args"":[{""args"":[{""name"":""volume"",""type"":""field""},{""args"":[{""name"":""volume"",""type"":""field""},{""type"":""number"",""value"":""1""}],""op"":""qlib:delay"",""type"":""call""}],""op"":""-"",""type"":""binary""}],""op"":""qlib:abs"",""type"":""call""},{""type"":""number"",""value"":""10""}],""op"":""qlib:sum"",""type"":""call""},{""type"":""number"",""value"":""0.000000000001""}],""op"":""+"",""type"":""binary""}],""op"":""/"",""type"":""binary""}",qlib,NOT_VERIFIED,"[""qkg:record:69d7f5a1-e8fb-5630-9fbb-641ce8adb487""]"
qkg:formula:cdaf044d-e11d-5697-8cf8-db07bb9b4ca6,"Ref($open, 11)/$close","/(qlib:delay($open,11),$close)","{""args"":[{""args"":[{""name"":""open"",""type"":""field""},{""type"":""number"",""value"":""11""}],""op"":""qlib:delay"",""type"":""call""},{""name"":""close"",""type"":""field""}],""op"":""/"",""type"":""binary""}",qlib,NOT_VERIFIED,"[""qkg:record:dfad0023-b600-5fa0-aa4a-1c96ea34cdbf""]"
qkg:formula:ce0e7353-b4cb-5b6f-849a-5bdaf45aa5b3,"Ref($high, 53)/$close","/(qlib:delay($high,53),$close)","{""args"":[{""args"":[{""name"":""high"",""type"":""field""},{""type"":""number"",""value"":""53""}],""op"":""qlib:delay"",""type"":""call""},{""name"":""close"",""type"":""field""}],""op"":""/"",""type"":""binary""}",qlib,NOT_VERIFIED,"[""qkg:record:ed11810f-eb14-5c77-a80d-db0f0de51f74""]"
qkg:formula:ce1e85ae-41f7-574d-8e0a-2741fa4f1a76,"Rsquare($close, 5)","qlib:rsquare($close,5)","{""args"":[{""name"":""close"",""type"":""field""},{""type"":""number"",""value"":""5""}],""op"":""qlib:rsquare"",""type"":""call""}",qlib,NOT_VERIFIED,"[""qkg:record:06deb364-6d2c-567a-993e-ac8dccf8abc0""]"
qkg:formula:ceb3197f-9d89-5a07-9a6f-3a035ffb12ee,"(Less($open, $close)-$low)/$open","/(-(qlib:elementwise_min($open,$close),$low),$open)","{""args"":[{""args"":[{""args"":[{""name"":""open"",""type"":""field""},{""name"":""close"",""type"":""field""}],""op"":""qlib:elementwise_min"",""type"":""call""},{""name"":""low"",""type"":""field""}],""op"":""-"",""type"":""binary""},{""name"":""open"",""type"":""field""}],""op"":""/"",""type"":""binary""}",qlib,NOT_VERIFIED,"[""qkg:record:488d9522-ab50-5423-b13c-c38592f57275""]"
qkg:formula:cee4a386-c11c-5068-b10b-94fae967fc33,"Ref($volume, 26)/($volume+1e-12)","/(qlib:delay($volume,26),+($volume,0.000000000001))","{""args"":[{""args"":[{""name"":""volume"",""type"":""field""},{""type"":""number"",""value"":""26""}],""op"":""qlib:delay"",""type"":""call""},{""args"":[{""name"":""volume"",""type"":""field""},{""type"":""number"",""value"":""0.000000000001""}],""op"":""+"",""type"":""binary""}],""op"":""/"",""type"":""binary""}",qlib,NOT_VERIFIED,"[""qkg:record:f60016e4-406d-536a-b0f4-bee406070039""]"
qkg:formula:cf1625f5-1427-505f-836a-efdabd155d0d,"Ref($low, 45)/$close","/(qlib:delay($low,45),$close)","{""args"":[{""args"":[{""name"":""low"",""type"":""field""},{""type"":""number"",""value"":""45""}],""op"":""qlib:delay"",""type"":""call""},{""name"":""close"",""type"":""field""}],""op"":""/"",""type"":""binary""}",qlib,NOT_VERIFIED,"[""qkg:record:d7718dbc-2c64-546c-b3ab-c9b94506af4d""]"
qkg:formula:cfb0c6a7-18b3-538e-84eb-57ee624cd6c9,"Ref($close, 42)/$close","/(qlib:delay($close,42),$close)","{""args"":[{""args"":[{""name"":""close"",""type"":""field""},{""type"":""number"",""value"":""42""}],""op"":""qlib:delay"",""type"":""call""},{""name"":""close"",""type"":""field""}],""op"":""/"",""type"":""binary""}",qlib,NOT_VERIFIED,"[""qkg:record:3a4d5f4b-ae7d-5dbe-bd0f-95727491c9ed""]"
qkg:formula:d052b3db-933c-5fc2-b268-c7a10ec8add3,"Ref($high, 18)/$close","/(qlib:delay($high,18),$close)","{""args"":[{""args"":[{""name"":""high"",""type"":""field""},{""type"":""number"",""value"":""18""}],""op"":""qlib:delay"",""type"":""call""},{""name"":""close"",""type"":""field""}],""op"":""/"",""type"":""binary""}",qlib,NOT_VERIFIED,"[""qkg:record:aa5db59a-28bc-512b-bf96-ae82c5bdf19f""]"
qkg:formula:d0748e5f-c7ed-5937-8983-bd18f29cc933,"Ref($high, 57)/$close","/(qlib:delay($high,57),$close)","{""args"":[{""args"":[{""name"":""high"",""type"":""field""},{""type"":""number"",""value"":""57""}],""op"":""qlib:delay"",""type"":""call""},{""name"":""close"",""type"":""field""}],""op"":""/"",""type"":""binary""}",qlib,NOT_VERIFIED,"[""qkg:record:9267a1c0-16e4-5de1-bb2d-888051811b28""]"
qkg:formula:d10f7d9c-ac01-5b7f-b972-6fb0704a2ee8,"Mean($volume, 20)/($volume+1e-12)","/(qlib:mean($volume,20),+($volume,0.000000000001))","{""args"":[{""args"":[{""name"":""volume"",""type"":""field""},{""type"":""number"",""value"":""20""}],""op"":""qlib:mean"",""type"":""call""},{""args"":[{""name"":""volume"",""type"":""field""},{""type"":""number"",""value"":""0.000000000001""}],""op"":""+"",""type"":""binary""}],""op"":""/"",""type"":""binary""}",qlib,NOT_VERIFIED,"[""qkg:record:5bebf7d8-7f8a-5b12-852e-195836509f97""]"
qkg:formula:d17bbe29-e7f0-5eb3-9da9-5d47959e344b,"Ref($vwap, 9)/$close","/(qlib:delay($vwap,9),$close)","{""args"":[{""args"":[{""name"":""vwap"",""type"":""field""},{""type"":""number"",""value"":""9""}],""op"":""qlib:delay"",""type"":""call""},{""name"":""close"",""type"":""field""}],""op"":""/"",""type"":""binary""}",qlib,NOT_VERIFIED,"[""qkg:record:6ae274a2-1182-5c94-b231-55dfc2120274""]"
qkg:formula:d29c785e-66ec-5ec1-9574-f3872f4dbba4,"Ref($low, 43)/$close","/(qlib:delay($low,43),$close)","{""args"":[{""args"":[{""name"":""low"",""type"":""field""},{""type"":""number"",""value"":""43""}],""op"":""qlib:delay"",""type"":""call""},{""name"":""close"",""type"":""field""}],""op"":""/"",""type"":""binary""}",qlib,NOT_VERIFIED,"[""qkg:record:16ccd35f-727f-51c5-a6be-1bd016ccc6ca""]"
qkg:formula:d2ff4693-f4dd-58f4-a145-3da107920e4c,"Ref($volume, 45)/($volume+1e-12)","/(qlib:delay($volume,45),+($volume,0.000000000001))","{""args"":[{""args"":[{""name"":""volume"",""type"":""field""},{""type"":""number"",""value"":""45""}],""op"":""qlib:delay"",""type"":""call""},{""args"":[{""name"":""volume"",""type"":""field""},{""type"":""number"",""value"":""0.000000000001""}],""op"":""+"",""type"":""binary""}],""op"":""/"",""type"":""binary""}",qlib,NOT_VERIFIED,"[""qkg:record:538b0347-f52e-57fc-95d6-8b6c7ce55062""]"
qkg:formula:d397869f-2e8f-5a85-8a5d-6f71b66e1954,"Ref($low, 19)/$close","/(qlib:delay($low,19),$close)","{""args"":[{""args"":[{""name"":""low"",""type"":""field""},{""type"":""number"",""value"":""19""}],""op"":""qlib:delay"",""type"":""call""},{""name"":""close"",""type"":""field""}],""op"":""/"",""type"":""binary""}",qlib,NOT_VERIFIED,"[""qkg:record:f53ac7ba-efaf-556f-80a1-67bf42d7d8ea""]"
qkg:formula:d3c2efac-c002-56db-8ad9-7629f6812c23,"Ref($low, 6)/$close","/(qlib:delay($low,6),$close)","{""args"":[{""args"":[{""name"":""low"",""type"":""field""},{""type"":""number"",""value"":""6""}],""op"":""qlib:delay"",""type"":""call""},{""name"":""close"",""type"":""field""}],""op"":""/"",""type"":""binary""}",qlib,NOT_VERIFIED,"[""qkg:record:cb175ed0-4cd2-564d-b5e6-aab2e28d9951""]"
qkg:formula:d3e6e5b6-8a71-58c6-a3ba-bcfb9b520991,"Ref($vwap, 24)/$close","/(qlib:delay($vwap,24),$close)","{""args"":[{""args"":[{""name"":""vwap"",""type"":""field""},{""type"":""number"",""value"":""24""}],""op"":""qlib:delay"",""type"":""call""},{""name"":""close"",""type"":""field""}],""op"":""/"",""type"":""binary""}",qlib,NOT_VERIFIED,"[""qkg:record:beb0c3d4-cfe1-56fa-9b26-ccc6e25c72e5""]"
qkg:formula:d4ab853d-48b7-5805-9ebf-7bd39937d453,"Mean($volume, 5)/($volume+1e-12)","/(qlib:mean($volume,5),+($volume,0.000000000001))","{""args"":[{""args"":[{""name"":""volume"",""type"":""field""},{""type"":""number"",""value"":""5""}],""op"":""qlib:mean"",""type"":""call""},{""args"":[{""name"":""volume"",""type"":""field""},{""type"":""number"",""value"":""0.000000000001""}],""op"":""+"",""type"":""binary""}],""op"":""/"",""type"":""binary""}",qlib,NOT_VERIFIED,"[""qkg:record:8c029fd6-8c63-5c96-90cb-bc87a4afb7ea""]"
qkg:formula:d4c7c769-7d24-5f2b-8af7-7f5ae7a22e6c,"Ref($low, 53)/$close","/(qlib:delay($low,53),$close)","{""args"":[{""args"":[{""name"":""low"",""type"":""field""},{""type"":""number"",""value"":""53""}],""op"":""qlib:delay"",""type"":""call""},{""name"":""close"",""type"":""field""}],""op"":""/"",""type"":""binary""}",qlib,NOT_VERIFIED,"[""qkg:record:2a93964a-bffa-5ee5-b670-ec9a8231f5f8""]"
qkg:formula:d56a3fc4-8bbd-54f2-b1f2-9fd0e9599f1f,"Ref($high, 14)/$close","/(qlib:delay($high,14),$close)","{""args"":[{""args"":[{""name"":""high"",""type"":""field""},{""type"":""number"",""value"":""14""}],""op"":""qlib:delay"",""type"":""call""},{""name"":""close"",""type"":""field""}],""op"":""/"",""type"":""binary""}",qlib,NOT_VERIFIED,"[""qkg:record:0177fc98-3604-5a16-988c-8de7417b0ee3""]"
qkg:formula:d5895015-65d9-593f-b324-c63037186c3f,"Sum(Greater($volume-Ref($volume, 1), 0), 5)/(Sum(Abs($volume-Ref($volume, 1)), 5)+1e-12)","/(qlib:sum(qlib:elementwise_max(-($volume,qlib:delay($volume,1)),0),5),+(qlib:sum(qlib:abs(-($volume,qlib:delay($volume,1))),5),0.000000000001))","{""args"":[{""args"":[{""args"":[{""args"":[{""name"":""volume"",""type"":""field""},{""args"":[{""name"":""volume"",""type"":""field""},{""type"":""number"",""value"":""1""}],""op"":""qlib:delay"",""type"":""call""}],""op"":""-"",""type"":""binary""},{""type"":""number"",""value"":""0""}],""op"":""qlib:elementwise_max"",""type"":""call""},{""type"":""number"",""value"":""5""}],""op"":""qlib:sum"",""type"":""call""},{""args"":[{""args"":[{""args"":[{""args"":[{""name"":""volume"",""type"":""field""},{""args"":[{""name"":""volume"",""type"":""field""},{""type"":""number"",""value"":""1""}],""op"":""qlib:delay"",""type"":""call""}],""op"":""-"",""type"":""binary""}],""op"":""qlib:abs"",""type"":""call""},{""type"":""number"",""value"":""5""}],""op"":""qlib:sum"",""type"":""call""},{""type"":""number"",""value"":""0.000000000001""}],""op"":""+"",""type"":""binary""}],""op"":""/"",""type"":""binary""}",qlib,NOT_VERIFIED,"[""qkg:record:fe0ac24a-b6b9-5ea7-b815-8136c2c02b69""]"
qkg:formula:d5e288d4-c44e-5e42-b299-92fad3533aad,"Ref($low, 5)/$close","/(qlib:delay($low,5),$close)","{""args"":[{""args"":[{""name"":""low"",""type"":""field""},{""type"":""number"",""value"":""5""}],""op"":""qlib:delay"",""type"":""call""},{""name"":""close"",""type"":""field""}],""op"":""/"",""type"":""binary""}",qlib,NOT_VERIFIED,"[""qkg:record:bf25a698-8f94-5823-8f28-732159446d78""]"
qkg:formula:d6c3c328-8915-5ec7-9b43-cd1472bb8ba0,"Ref($close, 6)/$close","/(qlib:delay($close,6),$close)","{""args"":[{""args"":[{""name"":""close"",""type"":""field""},{""type"":""number"",""value"":""6""}],""op"":""qlib:delay"",""type"":""call""},{""name"":""close"",""type"":""field""}],""op"":""/"",""type"":""binary""}",qlib,NOT_VERIFIED,"[""qkg:record:7c5575f1-b488-513a-87be-a44ca4f44733""]"
qkg:formula:d721731d-83c6-5a65-b988-115a35eee3e2,"(Sum(Greater($volume-Ref($volume, 1), 0), 20)-Sum(Greater(Ref($volume, 1)-$volume, 0), 20))/(Sum(Abs($volume-Ref($volume, 1)), 20)+1e-12)","/(-(qlib:sum(qlib:elementwise_max(-($volume,qlib:delay($volume,1)),0),20),qlib:sum(qlib:elementwise_max(-(qlib:delay($volume,1),$volume),0),20)),+(qlib:sum(qlib:abs(-($volume,qlib:delay($volume,1))),20),0.000000000001))","{""args"":[{""args"":[{""args"":[{""args"":[{""args"":[{""name"":""volume"",""type"":""field""},{""args"":[{""name"":""volume"",""type"":""field""},{""type"":""number"",""value"":""1""}],""op"":""qlib:delay"",""type"":""call""}],""op"":""-"",""type"":""binary""},{""type"":""number"",""value"":""0""}],""op"":""qlib:elementwise_max"",""type"":""call""},{""type"":""number"",""value"":""20""}],""op"":""qlib:sum"",""type"":""call""},{""args"":[{""args"":[{""args"":[{""args"":[{""name"":""volume"",""type"":""field""},{""type"":""number"",""value"":""1""}],""op"":""qlib:delay"",""type"":""call""},{""name"":""volume"",""type"":""field""}],""op"":""-"",""type"":""binary""},{""type"":""number"",""value"":""0""}],""op"":""qlib:elementwise_max"",""type"":""call""},{""type"":""number"",""value"":""20""}],""op"":""qlib:sum"",""type"":""call""}],""op"":""-"",""type"":""binary""},{""args"":[{""args"":[{""args"":[{""args"":[{""name"":""volume"",""type"":""field""},{""args"":[{""name"":""volume"",""type"":""field""},{""type"":""number"",""value"":""1""}],""op"":""qlib:delay"",""type"":""call""}],""op"":""-"",""type"":""binary""}],""op"":""qlib:abs"",""type"":""call""},{""type"":""number"",""value"":""20""}],""op"":""qlib:sum"",""type"":""call""},{""type"":""number"",""value"":""0.000000000001""}],""op"":""+"",""type"":""binary""}],""op"":""/"",""type"":""binary""}",qlib,NOT_VERIFIED,"[""qkg:record:3dc2e109-6ecc-53e4-8e28-199f9cb6d6bb""]"
qkg:formula:d77685dc-ef39-5868-adc2-15a85fb91407,"Ref($close, 27)/$close","/(qlib:delay($close,27),$close)","{""args"":[{""args"":[{""name"":""close"",""type"":""field""},{""type"":""number"",""value"":""27""}],""op"":""qlib:delay"",""type"":""call""},{""name"":""close"",""type"":""field""}],""op"":""/"",""type"":""binary""}",qlib,NOT_VERIFIED,"[""qkg:record:5941c957-2d9a-5473-bf4b-e8713135b8b5""]"
qkg:formula:d7e3c824-b9ca-5cd3-bebc-a41a6f9aad2e,"Rsquare($close, 20)","qlib:rsquare($close,20)","{""args"":[{""name"":""close"",""type"":""field""},{""type"":""number"",""value"":""20""}],""op"":""qlib:rsquare"",""type"":""call""}",qlib,NOT_VERIFIED,"[""qkg:record:ea6ab3e1-4ac6-5e6a-bde6-86ec38968d8a""]"
qkg:formula:d7f7f547-0e84-5ea6-9fac-e22a0967c113,"Min($low, 30)/$close","/(qlib:ts_min($low,30),$close)","{""args"":[{""args"":[{""name"":""low"",""type"":""field""},{""type"":""number"",""value"":""30""}],""op"":""qlib:ts_min"",""type"":""call""},{""name"":""close"",""type"":""field""}],""op"":""/"",""type"":""binary""}",qlib,NOT_VERIFIED,"[""qkg:record:fc96401b-44d9-5a26-99f4-28893641d578""]"
qkg:formula:d822c717-f9f1-5551-8a7c-b0e67893f426,"Ref($low, 10)/$close","/(qlib:delay($low,10),$close)","{""args"":[{""args"":[{""name"":""low"",""type"":""field""},{""type"":""number"",""value"":""10""}],""op"":""qlib:delay"",""type"":""call""},{""name"":""close"",""type"":""field""}],""op"":""/"",""type"":""binary""}",qlib,NOT_VERIFIED,"[""qkg:record:6f223167-01f4-5cfc-ad11-a32ce5cb5658""]"
qkg:formula:d84d59c6-03f2-5fbd-8155-18fb06372c44,"Ref($vwap, 35)/$close","/(qlib:delay($vwap,35),$close)","{""args"":[{""args"":[{""name"":""vwap"",""type"":""field""},{""type"":""number"",""value"":""35""}],""op"":""qlib:delay"",""type"":""call""},{""name"":""close"",""type"":""field""}],""op"":""/"",""type"":""binary""}",qlib,NOT_VERIFIED,"[""qkg:record:4e2c21a6-4f17-5710-be49-d092ffe3ce11""]"
qkg:formula:d8904939-3a2d-5f3c-b4bb-034c0c0d438b,"Ref($volume, 48)/($volume+1e-12)","/(qlib:delay($volume,48),+($volume,0.000000000001))","{""args"":[{""args"":[{""name"":""volume"",""type"":""field""},{""type"":""number"",""value"":""48""}],""op"":""qlib:delay"",""type"":""call""},{""args"":[{""name"":""volume"",""type"":""field""},{""type"":""number"",""value"":""0.000000000001""}],""op"":""+"",""type"":""binary""}],""op"":""/"",""type"":""binary""}",qlib,NOT_VERIFIED,"[""qkg:record:f95d378a-27f4-5615-bf99-17083439d691""]"
qkg:formula:d8c7825b-c943-57b6-bc7c-9ab3cd920bf2,"Ref($open, 3)/$close","/(qlib:delay($open,3),$close)","{""args"":[{""args"":[{""name"":""open"",""type"":""field""},{""type"":""number"",""value"":""3""}],""op"":""qlib:delay"",""type"":""call""},{""name"":""close"",""type"":""field""}],""op"":""/"",""type"":""binary""}",qlib,NOT_VERIFIED,"[""qkg:record:614e2c58-e663-5080-b84b-b6c8bb2577cf""]"
qkg:formula:d8fcbd4d-5cb1-5e9a-b428-4de3b034d793,"Ref($low, 25)/$close","/(qlib:delay($low,25),$close)","{""args"":[{""args"":[{""name"":""low"",""type"":""field""},{""type"":""number"",""value"":""25""}],""op"":""qlib:delay"",""type"":""call""},{""name"":""close"",""type"":""field""}],""op"":""/"",""type"":""binary""}",qlib,NOT_VERIFIED,"[""qkg:record:d78a424a-2093-565a-9fc0-c8c63e3dbbf0""]"
qkg:formula:d95378a3-fa00-5366-8512-a12d880f7bb3,"Ref($vwap, 27)/$close","/(qlib:delay($vwap,27),$close)","{""args"":[{""args"":[{""name"":""vwap"",""type"":""field""},{""type"":""number"",""value"":""27""}],""op"":""qlib:delay"",""type"":""call""},{""name"":""close"",""type"":""field""}],""op"":""/"",""type"":""binary""}",qlib,NOT_VERIFIED,"[""qkg:record:60cbb9d5-aa98-5f4a-907c-4ddd47b436e3""]"
qkg:formula:db319ada-d940-576f-ae8f-a32f771ba97b,"Ref($open, 39)/$close","/(qlib:delay($open,39),$close)","{""args"":[{""args"":[{""name"":""open"",""type"":""field""},{""type"":""number"",""value"":""39""}],""op"":""qlib:delay"",""type"":""call""},{""name"":""close"",""type"":""field""}],""op"":""/"",""type"":""binary""}",qlib,NOT_VERIFIED,"[""qkg:record:4a1c5cee-ba87-5be8-831b-df9145e57414""]"
qkg:formula:dbdbae48-c97c-524e-b4ee-ddae68d991f0,"Std($volume, 60)/($volume+1e-12)","/(qlib:std($volume,60),+($volume,0.000000000001))","{""args"":[{""args"":[{""name"":""volume"",""type"":""field""},{""type"":""number"",""value"":""60""}],""op"":""qlib:std"",""type"":""call""},{""args"":[{""name"":""volume"",""type"":""field""},{""type"":""number"",""value"":""0.000000000001""}],""op"":""+"",""type"":""binary""}],""op"":""/"",""type"":""binary""}",qlib,NOT_VERIFIED,"[""qkg:record:3c7336f4-b3d5-5f3f-a4cb-1265e4a9166d""]"
qkg:formula:dc37699a-b673-5d86-87bd-ad6a5b53cc39,"Ref($high, 54)/$close","/(qlib:delay($high,54),$close)","{""args"":[{""args"":[{""name"":""high"",""type"":""field""},{""type"":""number"",""value"":""54""}],""op"":""qlib:delay"",""type"":""call""},{""name"":""close"",""type"":""field""}],""op"":""/"",""type"":""binary""}",qlib,NOT_VERIFIED,"[""qkg:record:3e3e1d6a-8edf-540a-8c41-4bc15bc6f88b""]"
qkg:formula:dc963413-e593-589d-85c1-0c96f74d0b0d,"Ref($high, 48)/$close","/(qlib:delay($high,48),$close)","{""args"":[{""args"":[{""name"":""high"",""type"":""field""},{""type"":""number"",""value"":""48""}],""op"":""qlib:delay"",""type"":""call""},{""name"":""close"",""type"":""field""}],""op"":""/"",""type"":""binary""}",qlib,NOT_VERIFIED,"[""qkg:record:d69363f0-29cc-51b0-9979-f4eee7e5514b""]"
qkg:formula:ddbac6bf-c23c-50e7-b833-bd2a2a169235,"Ref($close, 8)/$close","/(qlib:delay($close,8),$close)","{""args"":[{""args"":[{""name"":""close"",""type"":""field""},{""type"":""number"",""value"":""8""}],""op"":""qlib:delay"",""type"":""call""},{""name"":""close"",""type"":""field""}],""op"":""/"",""type"":""binary""}",qlib,NOT_VERIFIED,"[""qkg:record:10c877a8-4fb8-5795-bb4a-d63ec3eadfe3""]"
qkg:formula:df0fef88-4f29-5a97-a1fa-243c334d1159,"Ref($vwap, 47)/$close","/(qlib:delay($vwap,47),$close)","{""args"":[{""args"":[{""name"":""vwap"",""type"":""field""},{""type"":""number"",""value"":""47""}],""op"":""qlib:delay"",""type"":""call""},{""name"":""close"",""type"":""field""}],""op"":""/"",""type"":""binary""}",qlib,NOT_VERIFIED,"[""qkg:record:e31e35ab-5d3f-5178-b78a-c29098a45b6b""]"
qkg:formula:df838e54-261a-5759-9835-58c22b15fb24,"Ref($close, 2)/$close","/(qlib:delay($close,2),$close)","{""args"":[{""args"":[{""name"":""close"",""type"":""field""},{""type"":""number"",""value"":""2""}],""op"":""qlib:delay"",""type"":""call""},{""name"":""close"",""type"":""field""}],""op"":""/"",""type"":""binary""}",qlib,NOT_VERIFIED,"[""qkg:record:b7d48e65-79ff-5c13-adff-0d4222519763""]"
qkg:formula:e08896aa-0234-5fce-a167-20f56b23997f,"Ref($volume, 1)/($volume+1e-12)","/(qlib:delay($volume,1),+($volume,0.000000000001))","{""args"":[{""args"":[{""name"":""volume"",""type"":""field""},{""type"":""number"",""value"":""1""}],""op"":""qlib:delay"",""type"":""call""},{""args"":[{""name"":""volume"",""type"":""field""},{""type"":""number"",""value"":""0.000000000001""}],""op"":""+"",""type"":""binary""}],""op"":""/"",""type"":""binary""}",qlib,NOT_VERIFIED,"[""qkg:record:4405987e-1485-593e-9722-dc1fad91dc28""]"
qkg:formula:e1094629-fd2a-59ad-8b55-6f37740db079,"Std($volume, 5)/($volume+1e-12)","/(qlib:std($volume,5),+($volume,0.000000000001))","{""args"":[{""args"":[{""name"":""volume"",""type"":""field""},{""type"":""number"",""value"":""5""}],""op"":""qlib:std"",""type"":""call""},{""args"":[{""name"":""volume"",""type"":""field""},{""type"":""number"",""value"":""0.000000000001""}],""op"":""+"",""type"":""binary""}],""op"":""/"",""type"":""binary""}",qlib,NOT_VERIFIED,"[""qkg:record:acb21722-4641-577e-bc71-e0add9c0154b""]"
qkg:formula:e1fafbf6-77f4-5b7b-84b1-5880772a1e73,"Ref($high, 4)/$close","/(qlib:delay($high,4),$close)","{""args"":[{""args"":[{""name"":""high"",""type"":""field""},{""type"":""number"",""value"":""4""}],""op"":""qlib:delay"",""type"":""call""},{""name"":""close"",""type"":""field""}],""op"":""/"",""type"":""binary""}",qlib,NOT_VERIFIED,"[""qkg:record:e86ec330-81fd-57d4-a0a2-5553faaee792""]"
qkg:formula:e213be85-a3f4-5cc8-9bda-e4b0d9bce94e,"Ref($open, 29)/$close","/(qlib:delay($open,29),$close)","{""args"":[{""args"":[{""name"":""open"",""type"":""field""},{""type"":""number"",""value"":""29""}],""op"":""qlib:delay"",""type"":""call""},{""name"":""close"",""type"":""field""}],""op"":""/"",""type"":""binary""}",qlib,NOT_VERIFIED,"[""qkg:record:043906d1-72e1-54e0-8cb0-a24e188afbc9""]"
qkg:formula:e285eecd-0eec-5793-bf52-8acc42eee27d,"Ref($low, 58)/$close","/(qlib:delay($low,58),$close)","{""args"":[{""args"":[{""name"":""low"",""type"":""field""},{""type"":""number"",""value"":""58""}],""op"":""qlib:delay"",""type"":""call""},{""name"":""close"",""type"":""field""}],""op"":""/"",""type"":""binary""}",qlib,NOT_VERIFIED,"[""qkg:record:75e9ec82-3f66-50b0-983d-4351e0484b27""]"
qkg:formula:e39a8716-578c-51fb-9ae1-3d9e83ab1b92,"Ref($open, 16)/$close","/(qlib:delay($open,16),$close)","{""args"":[{""args"":[{""name"":""open"",""type"":""field""},{""type"":""number"",""value"":""16""}],""op"":""qlib:delay"",""type"":""call""},{""name"":""close"",""type"":""field""}],""op"":""/"",""type"":""binary""}",qlib,NOT_VERIFIED,"[""qkg:record:d447dcc1-d140-53af-86b2-d8f40859f67c""]"
qkg:formula:e3beacc0-013a-58bd-8b88-f36ba10434bf,"IdxMin($low, 10)/10","/(qlib:ts_argmin($low,10),10)","{""args"":[{""args"":[{""name"":""low"",""type"":""field""},{""type"":""number"",""value"":""10""}],""op"":""qlib:ts_argmin"",""type"":""call""},{""type"":""number"",""value"":""10""}],""op"":""/"",""type"":""binary""}",qlib,NOT_VERIFIED,"[""qkg:record:c8537b8f-18e2-5a8a-b85c-744dc5ae109a""]"
qkg:formula:e4077cef-f70c-5a11-aebe-e671596fb63a,"Ref($close, 35)/$close","/(qlib:delay($close,35),$close)","{""args"":[{""args"":[{""name"":""close"",""type"":""field""},{""type"":""number"",""value"":""35""}],""op"":""qlib:delay"",""type"":""call""},{""name"":""close"",""type"":""field""}],""op"":""/"",""type"":""binary""}",qlib,NOT_VERIFIED,"[""qkg:record:1d2b3d81-b749-56d8-af68-2f5a07d34cbc""]"
qkg:formula:e5071802-c82e-5215-b886-315021e39194,"Ref($volume, 14)/($volume+1e-12)","/(qlib:delay($volume,14),+($volume,0.000000000001))","{""args"":[{""args"":[{""name"":""volume"",""type"":""field""},{""type"":""number"",""value"":""14""}],""op"":""qlib:delay"",""type"":""call""},{""args"":[{""name"":""volume"",""type"":""field""},{""type"":""number"",""value"":""0.000000000001""}],""op"":""+"",""type"":""binary""}],""op"":""/"",""type"":""binary""}",qlib,NOT_VERIFIED,"[""qkg:record:5f29b96e-2d1d-5be2-9caa-7e6423842196""]"
qkg:formula:e6e42ed2-4e07-5ac2-b04c-e9c27a6de9d6,"Ref($low, 4)/$close","/(qlib:delay($low,4),$close)","{""args"":[{""args"":[{""name"":""low"",""type"":""field""},{""type"":""number"",""value"":""4""}],""op"":""qlib:delay"",""type"":""call""},{""name"":""close"",""type"":""field""}],""op"":""/"",""type"":""binary""}",qlib,NOT_VERIFIED,"[""qkg:record:e795a8c2-f111-575e-bf41-6d7e8cb3bf3a""]"
qkg:formula:e73a9d1c-d1e6-522e-b20a-d04a85a1ee7a,"(Sum(Greater($close-Ref($close, 1), 0), 10)-Sum(Greater(Ref($close, 1)-$close, 0), 10))/(Sum(Abs($close-Ref($close, 1)), 10)+1e-12)","/(-(qlib:sum(qlib:elementwise_max(-($close,qlib:delay($close,1)),0),10),qlib:sum(qlib:elementwise_max(-(qlib:delay($close,1),$close),0),10)),+(qlib:sum(qlib:abs(-($close,qlib:delay($close,1))),10),0.000000000001))","{""args"":[{""args"":[{""args"":[{""args"":[{""args"":[{""name"":""close"",""type"":""field""},{""args"":[{""name"":""close"",""type"":""field""},{""type"":""number"",""value"":""1""}],""op"":""qlib:delay"",""type"":""call""}],""op"":""-"",""type"":""binary""},{""type"":""number"",""value"":""0""}],""op"":""qlib:elementwise_max"",""type"":""call""},{""type"":""number"",""value"":""10""}],""op"":""qlib:sum"",""type"":""call""},{""args"":[{""args"":[{""args"":[{""args"":[{""name"":""close"",""type"":""field""},{""type"":""number"",""value"":""1""}],""op"":""qlib:delay"",""type"":""call""},{""name"":""close"",""type"":""field""}],""op"":""-"",""type"":""binary""},{""type"":""number"",""value"":""0""}],""op"":""qlib:elementwise_max"",""type"":""call""},{""type"":""number"",""value"":""10""}],""op"":""qlib:sum"",""type"":""call""}],""op"":""-"",""type"":""binary""},{""args"":[{""args"":[{""args"":[{""args"":[{""name"":""close"",""type"":""field""},{""args"":[{""name"":""close"",""type"":""field""},{""type"":""number"",""value"":""1""}],""op"":""qlib:delay"",""type"":""call""}],""op"":""-"",""type"":""binary""}],""op"":""qlib:abs"",""type"":""call""},{""type"":""number"",""value"":""10""}],""op"":""qlib:sum"",""type"":""call""},{""type"":""number"",""value"":""0.000000000001""}],""op"":""+"",""type"":""binary""}],""op"":""/"",""type"":""binary""}",qlib,NOT_VERIFIED,"[""qkg:record:247acd8a-b8fe-5cb1-8228-bd699d342fff""]"
qkg:formula:e79cb2c8-f0b7-5c71-a24f-54d647774c7e,"Quantile($close, 30, 0.2)/$close","/(qlib:quantile($close,30,0.2),$close)","{""args"":[{""args"":[{""name"":""close"",""type"":""field""},{""type"":""number"",""value"":""30""},{""type"":""number"",""value"":""0.2""}],""op"":""qlib:quantile"",""type"":""call""},{""name"":""close"",""type"":""field""}],""op"":""/"",""type"":""binary""}",qlib,NOT_VERIFIED,"[""qkg:record:87f2751e-7ace-565f-9c0a-c01784220cf4""]"
qkg:formula:e81df9d8-1a7b-5706-8bf5-67df0f4bb3e8,"Ref($close, 48)/$close","/(qlib:delay($close,48),$close)","{""args"":[{""args"":[{""name"":""close"",""type"":""field""},{""type"":""number"",""value"":""48""}],""op"":""qlib:delay"",""type"":""call""},{""name"":""close"",""type"":""field""}],""op"":""/"",""type"":""binary""}",qlib,NOT_VERIFIED,"[""qkg:record:f1ccb657-7c2c-5414-8ab5-5b97a4dd7e10""]"
qkg:formula:e8e77221-1aa2-5c35-bd1f-ffd23d64ef20,"IdxMin($low, 30)/30","/(qlib:ts_argmin($low,30),30)","{""args"":[{""args"":[{""name"":""low"",""type"":""field""},{""type"":""number"",""value"":""30""}],""op"":""qlib:ts_argmin"",""type"":""call""},{""type"":""number"",""value"":""30""}],""op"":""/"",""type"":""binary""}",qlib,NOT_VERIFIED,"[""qkg:record:0b62cfa8-e627-5498-abd0-ca276ad3733a""]"
qkg:formula:e950ed61-c406-539a-ad76-d908946ed4d0,"Ref($volume, 15)/($volume+1e-12)","/(qlib:delay($volume,15),+($volume,0.000000000001))","{""args"":[{""args"":[{""name"":""volume"",""type"":""field""},{""type"":""number"",""value"":""15""}],""op"":""qlib:delay"",""type"":""call""},{""args"":[{""name"":""volume"",""type"":""field""},{""type"":""number"",""value"":""0.000000000001""}],""op"":""+"",""type"":""binary""}],""op"":""/"",""type"":""binary""}",qlib,NOT_VERIFIED,"[""qkg:record:75b93bc2-7964-557b-8282-7f77f0eb6dac""]"
qkg:formula:e9fce02c-073c-5434-94b3-4cd5a4bbea5b,"Ref($vwap, 34)/$close","/(qlib:delay($vwap,34),$close)","{""args"":[{""args"":[{""name"":""vwap"",""type"":""field""},{""type"":""number"",""value"":""34""}],""op"":""qlib:delay"",""type"":""call""},{""name"":""close"",""type"":""field""}],""op"":""/"",""type"":""binary""}",qlib,NOT_VERIFIED,"[""qkg:record:0e3dc459-bb3c-5f38-8fbc-891b7cb953f7""]"
qkg:formula:ea650a17-cfa5-5fab-b131-bdac5f62424d,"Mean($close>Ref($close, 1), 60)-Mean($close<Ref($close, 1), 60)","-(qlib:mean(compare[>]($close,qlib:delay($close,1)),60),qlib:mean(compare[<]($close,qlib:delay($close,1)),60))","{""args"":[{""args"":[{""args"":[{""name"":""close"",""type"":""field""},{""args"":[{""name"":""close"",""type"":""field""},{""type"":""number"",""value"":""1""}],""op"":""qlib:delay"",""type"":""call""}],""ops"":["">""],""type"":""compare""},{""type"":""number"",""value"":""60""}],""op"":""qlib:mean"",""type"":""call""},{""args"":[{""args"":[{""name"":""close"",""type"":""field""},{""args"":[{""name"":""close"",""type"":""field""},{""type"":""number"",""value"":""1""}],""op"":""qlib:delay"",""type"":""call""}],""ops"":[""<""],""type"":""compare""},{""type"":""number"",""value"":""60""}],""op"":""qlib:mean"",""type"":""call""}],""op"":""-"",""type"":""binary""}",qlib,NOT_VERIFIED,"[""qkg:record:07724945-cbb7-522a-b3aa-54ffab61d3ea""]"
qkg:formula:eaf42cf1-bb18-50f7-8839-043910285d82,"Ref($close, 24)/$close","/(qlib:delay($close,24),$close)","{""args"":[{""args"":[{""name"":""close"",""type"":""field""},{""type"":""number"",""value"":""24""}],""op"":""qlib:delay"",""type"":""call""},{""name"":""close"",""type"":""field""}],""op"":""/"",""type"":""binary""}",qlib,NOT_VERIFIED,"[""qkg:record:9926fcce-deed-56ee-b9c0-b70bf803e4f1""]"
qkg:formula:eb07e764-1523-535f-b0a7-3ff4257e2599,"Slope($close, 10)/$close","/(qlib:slope($close,10),$close)","{""args"":[{""args"":[{""name"":""close"",""type"":""field""},{""type"":""number"",""value"":""10""}],""op"":""qlib:slope"",""type"":""call""},{""name"":""close"",""type"":""field""}],""op"":""/"",""type"":""binary""}",qlib,NOT_VERIFIED,"[""qkg:record:987bc6b1-330c-5d7e-b07a-9cbf836db76c""]"
qkg:formula:eb4c8ba8-3c48-5398-8503-290b29aa4ca2,"Ref($volume, 19)/($volume+1e-12)","/(qlib:delay($volume,19),+($volume,0.000000000001))","{""args"":[{""args"":[{""name"":""volume"",""type"":""field""},{""type"":""number"",""value"":""19""}],""op"":""qlib:delay"",""type"":""call""},{""args"":[{""name"":""volume"",""type"":""field""},{""type"":""number"",""value"":""0.000000000001""}],""op"":""+"",""type"":""binary""}],""op"":""/"",""type"":""binary""}",qlib,NOT_VERIFIED,"[""qkg:record:6d5492ea-3b14-5bed-859f-5d1b6803b67f""]"
qkg:formula:ec81e42b-9e02-5a65-a144-a2efd389ed73,"(Less($open, $close)-$low)/($high-$low+1e-12)","/(-(qlib:elementwise_min($open,$close),$low),+(-($high,$low),0.000000000001))","{""args"":[{""args"":[{""args"":[{""name"":""open"",""type"":""field""},{""name"":""close"",""type"":""field""}],""op"":""qlib:elementwise_min"",""type"":""call""},{""name"":""low"",""type"":""field""}],""op"":""-"",""type"":""binary""},{""args"":[{""args"":[{""name"":""high"",""type"":""field""},{""name"":""low"",""type"":""field""}],""op"":""-"",""type"":""binary""},{""type"":""number"",""value"":""0.000000000001""}],""op"":""+"",""type"":""binary""}],""op"":""/"",""type"":""binary""}",qlib,NOT_VERIFIED,"[""qkg:record:f4bc2dd7-b17b-5253-8b0a-c8b0e7f95c6c""]"
qkg:formula:ed0e44f4-f2d0-5155-8609-c063f4f7521b,"Mean($close, 20)/$close","/(qlib:mean($close,20),$close)","{""args"":[{""args"":[{""name"":""close"",""type"":""field""},{""type"":""number"",""value"":""20""}],""op"":""qlib:mean"",""type"":""call""},{""name"":""close"",""type"":""field""}],""op"":""/"",""type"":""binary""}",qlib,NOT_VERIFIED,"[""qkg:record:9ff92d5d-3f72-5bde-97c6-be8e2960060a""]"
qkg:formula:ed6239a8-e3e3-505a-bf1e-deede8764a72,"Ref($vwap, 21)/$close","/(qlib:delay($vwap,21),$close)","{""args"":[{""args"":[{""name"":""vwap"",""type"":""field""},{""type"":""number"",""value"":""21""}],""op"":""qlib:delay"",""type"":""call""},{""name"":""close"",""type"":""field""}],""op"":""/"",""type"":""binary""}",qlib,NOT_VERIFIED,"[""qkg:record:830043e8-ca89-52b8-a1ff-08faa0eb7988""]"
qkg:formula:edd6121c-01c2-5e94-901b-0e2fc05053ab,"Ref($volume, 18)/($volume+1e-12)","/(qlib:delay($volume,18),+($volume,0.000000000001))","{""args"":[{""args"":[{""name"":""volume"",""type"":""field""},{""type"":""number"",""value"":""18""}],""op"":""qlib:delay"",""type"":""call""},{""args"":[{""name"":""volume"",""type"":""field""},{""type"":""number"",""value"":""0.000000000001""}],""op"":""+"",""type"":""binary""}],""op"":""/"",""type"":""binary""}",qlib,NOT_VERIFIED,"[""qkg:record:f560d6f5-247b-5a6b-b329-c0665787fdd0""]"
qkg:formula:edf0734e-2ad4-57fd-a08d-cc9be9b55085,"Rsquare($close, 10)","qlib:rsquare($close,10)","{""args"":[{""name"":""close"",""type"":""field""},{""type"":""number"",""value"":""10""}],""op"":""qlib:rsquare"",""type"":""call""}",qlib,NOT_VERIFIED,"[""qkg:record:aec36bdb-1f7a-5a4a-82d4-caf33370c880""]"
qkg:formula:ee4576c7-bc4c-5cc6-aeda-26addfd20acb,"Max($high, 20)/$close","/(qlib:ts_max($high,20),$close)","{""args"":[{""args"":[{""name"":""high"",""type"":""field""},{""type"":""number"",""value"":""20""}],""op"":""qlib:ts_max"",""type"":""call""},{""name"":""close"",""type"":""field""}],""op"":""/"",""type"":""binary""}",qlib,NOT_VERIFIED,"[""qkg:record:42df8d26-f425-5cdc-bd3e-0ad15f9e6ce4""]"
qkg:formula:eecf5d77-2b2b-5671-b472-16611033d71b,"Ref($volume, 39)/($volume+1e-12)","/(qlib:delay($volume,39),+($volume,0.000000000001))","{""args"":[{""args"":[{""name"":""volume"",""type"":""field""},{""type"":""number"",""value"":""39""}],""op"":""qlib:delay"",""type"":""call""},{""args"":[{""name"":""volume"",""type"":""field""},{""type"":""number"",""value"":""0.000000000001""}],""op"":""+"",""type"":""binary""}],""op"":""/"",""type"":""binary""}",qlib,NOT_VERIFIED,"[""qkg:record:c6f2a9f7-b273-51d4-b82e-62a544da5e2a""]"
qkg:formula:eeffd903-7aa6-5f39-92e8-afca20c16e12,"Ref($low, 51)/$close","/(qlib:delay($low,51),$close)","{""args"":[{""args"":[{""name"":""low"",""type"":""field""},{""type"":""number"",""value"":""51""}],""op"":""qlib:delay"",""type"":""call""},{""name"":""close"",""type"":""field""}],""op"":""/"",""type"":""binary""}",qlib,NOT_VERIFIED,"[""qkg:record:865652bf-7d56-5200-8f36-215b862fd8ba""]"
qkg:formula:f029d438-833a-5f19-af02-bf1775718e50,"Ref($open, 50)/$close","/(qlib:delay($open,50),$close)","{""args"":[{""args"":[{""name"":""open"",""type"":""field""},{""type"":""number"",""value"":""50""}],""op"":""qlib:delay"",""type"":""call""},{""name"":""close"",""type"":""field""}],""op"":""/"",""type"":""binary""}",qlib,NOT_VERIFIED,"[""qkg:record:6357b805-9409-53a3-b15a-3acfe5419280""]"
qkg:formula:f04708d8-e78a-5f22-aed2-27050d63f134,"Ref($open, 22)/$close","/(qlib:delay($open,22),$close)","{""args"":[{""args"":[{""name"":""open"",""type"":""field""},{""type"":""number"",""value"":""22""}],""op"":""qlib:delay"",""type"":""call""},{""name"":""close"",""type"":""field""}],""op"":""/"",""type"":""binary""}",qlib,NOT_VERIFIED,"[""qkg:record:bc4bf7e2-df25-5a2b-a24a-a1ac7563bb9f""]"
qkg:formula:f04b1174-4be5-5764-a969-6966962ed0e1,"Ref($volume, 20)/($volume+1e-12)","/(qlib:delay($volume,20),+($volume,0.000000000001))","{""args"":[{""args"":[{""name"":""volume"",""type"":""field""},{""type"":""number"",""value"":""20""}],""op"":""qlib:delay"",""type"":""call""},{""args"":[{""name"":""volume"",""type"":""field""},{""type"":""number"",""value"":""0.000000000001""}],""op"":""+"",""type"":""binary""}],""op"":""/"",""type"":""binary""}",qlib,NOT_VERIFIED,"[""qkg:record:4fdfbe41-554e-5c41-9d4e-8e7434afc0d0""]"
qkg:formula:f18474e3-2ca7-59f9-81dd-de788b7276bb,"Ref($high, 15)/$close","/(qlib:delay($high,15),$close)","{""args"":[{""args"":[{""name"":""high"",""type"":""field""},{""type"":""number"",""value"":""15""}],""op"":""qlib:delay"",""type"":""call""},{""name"":""close"",""type"":""field""}],""op"":""/"",""type"":""binary""}",qlib,NOT_VERIFIED,"[""qkg:record:fd9ab5c9-50bc-5d4f-a476-1e77d4d54306""]"
qkg:formula:f1964328-5e78-590e-9a7b-3ec086111997,"Ref($volume, 44)/($volume+1e-12)","/(qlib:delay($volume,44),+($volume,0.000000000001))","{""args"":[{""args"":[{""name"":""volume"",""type"":""field""},{""type"":""number"",""value"":""44""}],""op"":""qlib:delay"",""type"":""call""},{""args"":[{""name"":""volume"",""type"":""field""},{""type"":""number"",""value"":""0.000000000001""}],""op"":""+"",""type"":""binary""}],""op"":""/"",""type"":""binary""}",qlib,NOT_VERIFIED,"[""qkg:record:38b294f3-87e5-5813-98c1-d15f7b279d0d""]"
qkg:formula:f1b869a9-a4e3-5fa3-887e-256286dfdd59,"Ref($vwap, 2)/$close","/(qlib:delay($vwap,2),$close)","{""args"":[{""args"":[{""name"":""vwap"",""type"":""field""},{""type"":""number"",""value"":""2""}],""op"":""qlib:delay"",""type"":""call""},{""name"":""close"",""type"":""field""}],""op"":""/"",""type"":""binary""}",qlib,NOT_VERIFIED,"[""qkg:record:f0f21500-ec5e-561e-8478-9d92a3cf0d3d""]"
qkg:formula:f21c3169-e938-572b-9911-9627d3a58456,"Mean($close>Ref($close, 1), 5)-Mean($close<Ref($close, 1), 5)","-(qlib:mean(compare[>]($close,qlib:delay($close,1)),5),qlib:mean(compare[<]($close,qlib:delay($close,1)),5))","{""args"":[{""args"":[{""args"":[{""name"":""close"",""type"":""field""},{""args"":[{""name"":""close"",""type"":""field""},{""type"":""number"",""value"":""1""}],""op"":""qlib:delay"",""type"":""call""}],""ops"":["">""],""type"":""compare""},{""type"":""number"",""value"":""5""}],""op"":""qlib:mean"",""type"":""call""},{""args"":[{""args"":[{""name"":""close"",""type"":""field""},{""args"":[{""name"":""close"",""type"":""field""},{""type"":""number"",""value"":""1""}],""op"":""qlib:delay"",""type"":""call""}],""ops"":[""<""],""type"":""compare""},{""type"":""number"",""value"":""5""}],""op"":""qlib:mean"",""type"":""call""}],""op"":""-"",""type"":""binary""}",qlib,NOT_VERIFIED,"[""qkg:record:0b305d44-cae5-5c6f-ba03-2e4ad9fcfe1f""]"
qkg:formula:f27c356f-b0ae-5ca8-a4ee-2dafad92d9b9,"Ref($open, 25)/$close","/(qlib:delay($open,25),$close)","{""args"":[{""args"":[{""name"":""open"",""type"":""field""},{""type"":""number"",""value"":""25""}],""op"":""qlib:delay"",""type"":""call""},{""name"":""close"",""type"":""field""}],""op"":""/"",""type"":""binary""}",qlib,NOT_VERIFIED,"[""qkg:record:325fcf53-eaff-5a3b-8784-5962017ef6d1""]"
qkg:formula:f2d4eeb0-b2d6-5e40-985c-1222fbf1a377,"Ref($vwap, 53)/$close","/(qlib:delay($vwap,53),$close)","{""args"":[{""args"":[{""name"":""vwap"",""type"":""field""},{""type"":""number"",""value"":""53""}],""op"":""qlib:delay"",""type"":""call""},{""name"":""close"",""type"":""field""}],""op"":""/"",""type"":""binary""}",qlib,NOT_VERIFIED,"[""qkg:record:cac9a04f-560f-55a3-b52f-46246101ac3b""]"
qkg:formula:f315da68-4134-5e3e-aa30-074f24193259,"Sum(Greater(Ref($volume, 1)-$volume, 0), 60)/(Sum(Abs($volume-Ref($volume, 1)), 60)+1e-12)","/(qlib:sum(qlib:elementwise_max(-(qlib:delay($volume,1),$volume),0),60),+(qlib:sum(qlib:abs(-($volume,qlib:delay($volume,1))),60),0.000000000001))","{""args"":[{""args"":[{""args"":[{""args"":[{""args"":[{""name"":""volume"",""type"":""field""},{""type"":""number"",""value"":""1""}],""op"":""qlib:delay"",""type"":""call""},{""name"":""volume"",""type"":""field""}],""op"":""-"",""type"":""binary""},{""type"":""number"",""value"":""0""}],""op"":""qlib:elementwise_max"",""type"":""call""},{""type"":""number"",""value"":""60""}],""op"":""qlib:sum"",""type"":""call""},{""args"":[{""args"":[{""args"":[{""args"":[{""name"":""volume"",""type"":""field""},{""args"":[{""name"":""volume"",""type"":""field""},{""type"":""number"",""value"":""1""}],""op"":""qlib:delay"",""type"":""call""}],""op"":""-"",""type"":""binary""}],""op"":""qlib:abs"",""type"":""call""},{""type"":""number"",""value"":""60""}],""op"":""qlib:sum"",""type"":""call""},{""type"":""number"",""value"":""0.000000000001""}],""op"":""+"",""type"":""binary""}],""op"":""/"",""type"":""binary""}",qlib,NOT_VERIFIED,"[""qkg:record:b5df92f5-8035-5440-94e2-272977542dbf""]"
qkg:formula:f52be20d-8b15-5300-90e6-b6f1200921f6,"Ref($low, 28)/$close","/(qlib:delay($low,28),$close)","{""args"":[{""args"":[{""name"":""low"",""type"":""field""},{""type"":""number"",""value"":""28""}],""op"":""qlib:delay"",""type"":""call""},{""name"":""close"",""type"":""field""}],""op"":""/"",""type"":""binary""}",qlib,NOT_VERIFIED,"[""qkg:record:c7bb5abc-c9f4-576c-be15-dbfe948464cd""]"
qkg:formula:f531aac9-c93d-5ac8-9b02-f86b41aa8a56,"Std($close, 20)/$close","/(qlib:std($close,20),$close)","{""args"":[{""args"":[{""name"":""close"",""type"":""field""},{""type"":""number"",""value"":""20""}],""op"":""qlib:std"",""type"":""call""},{""name"":""close"",""type"":""field""}],""op"":""/"",""type"":""binary""}",qlib,NOT_VERIFIED,"[""qkg:record:c9558664-1e6f-5716-8fe0-e744606c91be""]"
qkg:formula:f5be52b9-4143-5158-8aad-993ccba692da,"Mean($close<Ref($close, 1), 60)","qlib:mean(compare[<]($close,qlib:delay($close,1)),60)","{""args"":[{""args"":[{""name"":""close"",""type"":""field""},{""args"":[{""name"":""close"",""type"":""field""},{""type"":""number"",""value"":""1""}],""op"":""qlib:delay"",""type"":""call""}],""ops"":[""<""],""type"":""compare""},{""type"":""number"",""value"":""60""}],""op"":""qlib:mean"",""type"":""call""}",qlib,NOT_VERIFIED,"[""qkg:record:4d0d3873-3464-566d-90fc-5919d92d24a4""]"
qkg:formula:f6064d2c-88f2-5c60-99a3-0f1dc00e85b2,"($high-Greater($open, $close))/$open","/(-($high,qlib:elementwise_max($open,$close)),$open)","{""args"":[{""args"":[{""name"":""high"",""type"":""field""},{""args"":[{""name"":""open"",""type"":""field""},{""name"":""close"",""type"":""field""}],""op"":""qlib:elementwise_max"",""type"":""call""}],""op"":""-"",""type"":""binary""},{""name"":""open"",""type"":""field""}],""op"":""/"",""type"":""binary""}",qlib,NOT_VERIFIED,"[""qkg:record:79b21c25-b762-5ec3-9138-af8f6af00c2f""]"
qkg:formula:f74b8c24-9818-5f98-a911-65c33cdcee30,"Ref($open, 27)/$close","/(qlib:delay($open,27),$close)","{""args"":[{""args"":[{""name"":""open"",""type"":""field""},{""type"":""number"",""value"":""27""}],""op"":""qlib:delay"",""type"":""call""},{""name"":""close"",""type"":""field""}],""op"":""/"",""type"":""binary""}",qlib,NOT_VERIFIED,"[""qkg:record:b74efc36-a5dd-5295-90a2-55d1d90d2f3b""]"
qkg:formula:f8a02f02-d394-5747-b19b-c1b36b36e9bc,"Ref($high, 45)/$close","/(qlib:delay($high,45),$close)","{""args"":[{""args"":[{""name"":""high"",""type"":""field""},{""type"":""number"",""value"":""45""}],""op"":""qlib:delay"",""type"":""call""},{""name"":""close"",""type"":""field""}],""op"":""/"",""type"":""binary""}",qlib,NOT_VERIFIED,"[""qkg:record:d06f9f81-0e44-5b87-9821-440bb38005d0""]"
qkg:formula:f8d4b29f-cdd9-5eb3-a984-61260100a5b7,"Ref($vwap, 33)/$close","/(qlib:delay($vwap,33),$close)","{""args"":[{""args"":[{""name"":""vwap"",""type"":""field""},{""type"":""number"",""value"":""33""}],""op"":""qlib:delay"",""type"":""call""},{""name"":""close"",""type"":""field""}],""op"":""/"",""type"":""binary""}",qlib,NOT_VERIFIED,"[""qkg:record:f707288f-d5a3-593b-8ebe-828fd9e82a1a""]"
qkg:formula:f8d64fc7-123b-5a65-ad56-6c8da586e8f0,"($close-Min($low, 10))/(Max($high, 10)-Min($low, 10)+1e-12)","/(-($close,qlib:ts_min($low,10)),+(-(qlib:ts_max($high,10),qlib:ts_min($low,10)),0.000000000001))","{""args"":[{""args"":[{""name"":""close"",""type"":""field""},{""args"":[{""name"":""low"",""type"":""field""},{""type"":""number"",""value"":""10""}],""op"":""qlib:ts_min"",""type"":""call""}],""op"":""-"",""type"":""binary""},{""args"":[{""args"":[{""args"":[{""name"":""high"",""type"":""field""},{""type"":""number"",""value"":""10""}],""op"":""qlib:ts_max"",""type"":""call""},{""args"":[{""name"":""low"",""type"":""field""},{""type"":""number"",""value"":""10""}],""op"":""qlib:ts_min"",""type"":""call""}],""op"":""-"",""type"":""binary""},{""type"":""number"",""value"":""0.000000000001""}],""op"":""+"",""type"":""binary""}],""op"":""/"",""type"":""binary""}",qlib,NOT_VERIFIED,"[""qkg:record:053a5c1a-9329-5577-8a71-67fd95b93ddd""]"
qkg:formula:f99801b8-3196-55e4-902c-ba5fa325f8aa,"Mean($close>Ref($close, 1), 5)","qlib:mean(compare[>]($close,qlib:delay($close,1)),5)","{""args"":[{""args"":[{""name"":""close"",""type"":""field""},{""args"":[{""name"":""close"",""type"":""field""},{""type"":""number"",""value"":""1""}],""op"":""qlib:delay"",""type"":""call""}],""ops"":["">""],""type"":""compare""},{""type"":""number"",""value"":""5""}],""op"":""qlib:mean"",""type"":""call""}",qlib,NOT_VERIFIED,"[""qkg:record:6f6cf727-b970-52b6-b888-11273924c6d4""]"
qkg:formula:fa3cfef3-3cba-58b8-8af7-c00b366f1a57,"Ref($volume, 3)/($volume+1e-12)","/(qlib:delay($volume,3),+($volume,0.000000000001))","{""args"":[{""args"":[{""name"":""volume"",""type"":""field""},{""type"":""number"",""value"":""3""}],""op"":""qlib:delay"",""type"":""call""},{""args"":[{""name"":""volume"",""type"":""field""},{""type"":""number"",""value"":""0.000000000001""}],""op"":""+"",""type"":""binary""}],""op"":""/"",""type"":""binary""}",qlib,NOT_VERIFIED,"[""qkg:record:69c77181-a29e-591d-a665-e93a86c7f872""]"
qkg:formula:fa5257d5-fb27-58f6-ab2a-970ddb8a959b,"Mean($close>Ref($close, 1), 30)","qlib:mean(compare[>]($close,qlib:delay($close,1)),30)","{""args"":[{""args"":[{""name"":""close"",""type"":""field""},{""args"":[{""name"":""close"",""type"":""field""},{""type"":""number"",""value"":""1""}],""op"":""qlib:delay"",""type"":""call""}],""ops"":["">""],""type"":""compare""},{""type"":""number"",""value"":""30""}],""op"":""qlib:mean"",""type"":""call""}",qlib,NOT_VERIFIED,"[""qkg:record:2798fe51-4b8b-5047-acdc-681fd3e2bcaf""]"
qkg:formula:fad57166-c8d5-56b1-92d1-51744915ff25,"Ref($vwap, 58)/$close","/(qlib:delay($vwap,58),$close)","{""args"":[{""args"":[{""name"":""vwap"",""type"":""field""},{""type"":""number"",""value"":""58""}],""op"":""qlib:delay"",""type"":""call""},{""name"":""close"",""type"":""field""}],""op"":""/"",""type"":""binary""}",qlib,NOT_VERIFIED,"[""qkg:record:d7cadaa7-1cf0-5818-8389-d69c83c4a20c""]"
qkg:formula:fb1619d7-e53f-550c-83da-0393371b37e8,$high/$close,"/($high,$close)","{""args"":[{""name"":""high"",""type"":""field""},{""name"":""close"",""type"":""field""}],""op"":""/"",""type"":""binary""}",qlib,NOT_VERIFIED,"[""qkg:record:a6da4af2-d2bf-59ea-bc27-10b3b44c87cc"",""qkg:record:a6afeef0-44f5-53f7-b563-9711b3e19481""]"
qkg:formula:fb96f052-e590-571d-ae2b-c405f45b41ad,"Ref($vwap, 10)/$close","/(qlib:delay($vwap,10),$close)","{""args"":[{""args"":[{""name"":""vwap"",""type"":""field""},{""type"":""number"",""value"":""10""}],""op"":""qlib:delay"",""type"":""call""},{""name"":""close"",""type"":""field""}],""op"":""/"",""type"":""binary""}",qlib,NOT_VERIFIED,"[""qkg:record:80d6d214-72f4-5f8a-a31e-db1a0103eb38""]"
qkg:formula:fbd52ab7-0a04-5600-86f0-c9b236858026,"Ref($vwap, 15)/$close","/(qlib:delay($vwap,15),$close)","{""args"":[{""args"":[{""name"":""vwap"",""type"":""field""},{""type"":""number"",""value"":""15""}],""op"":""qlib:delay"",""type"":""call""},{""name"":""close"",""type"":""field""}],""op"":""/"",""type"":""binary""}",qlib,NOT_VERIFIED,"[""qkg:record:ba5c6365-c613-517e-a6cd-c857f688f569""]"
qkg:formula:fc1d678f-37a7-562b-9509-b0da4aa95f42,"Ref($low, 8)/$close","/(qlib:delay($low,8),$close)","{""args"":[{""args"":[{""name"":""low"",""type"":""field""},{""type"":""number"",""value"":""8""}],""op"":""qlib:delay"",""type"":""call""},{""name"":""close"",""type"":""field""}],""op"":""/"",""type"":""binary""}",qlib,NOT_VERIFIED,"[""qkg:record:d157ae10-bf5d-5284-a538-b8557525686f""]"
qkg:formula:fc2cde26-9740-5b13-8377-bce17a7ed76c,"Std($volume, 20)/($volume+1e-12)","/(qlib:std($volume,20),+($volume,0.000000000001))","{""args"":[{""args"":[{""name"":""volume"",""type"":""field""},{""type"":""number"",""value"":""20""}],""op"":""qlib:std"",""type"":""call""},{""args"":[{""name"":""volume"",""type"":""field""},{""type"":""number"",""value"":""0.000000000001""}],""op"":""+"",""type"":""binary""}],""op"":""/"",""type"":""binary""}",qlib,NOT_VERIFIED,"[""qkg:record:f774ac0f-a32a-5610-9732-f55402081f55""]"
qkg:formula:fcdfb6de-f185-5e8c-8ab8-4489b923522d,"Quantile($close, 10, 0.8)/$close","/(qlib:quantile($close,10,0.8),$close)","{""args"":[{""args"":[{""name"":""close"",""type"":""field""},{""type"":""number"",""value"":""10""},{""type"":""number"",""value"":""0.8""}],""op"":""qlib:quantile"",""type"":""call""},{""name"":""close"",""type"":""field""}],""op"":""/"",""type"":""binary""}",qlib,NOT_VERIFIED,"[""qkg:record:ad2de8d9-5f6e-5013-b07d-f94446270873""]"
qkg:formula:fd49e56b-2fbb-5664-bd70-ee93f8a0149b,"Corr($close/Ref($close,1), Log($volume/Ref($volume, 1)+1), 20)","qlib:corr(/($close,qlib:delay($close,1)),qlib:log(+(/($volume,qlib:delay($volume,1)),1)),20)","{""args"":[{""args"":[{""name"":""close"",""type"":""field""},{""args"":[{""name"":""close"",""type"":""field""},{""type"":""number"",""value"":""1""}],""op"":""qlib:delay"",""type"":""call""}],""op"":""/"",""type"":""binary""},{""args"":[{""args"":[{""args"":[{""name"":""volume"",""type"":""field""},{""args"":[{""name"":""volume"",""type"":""field""},{""type"":""number"",""value"":""1""}],""op"":""qlib:delay"",""type"":""call""}],""op"":""/"",""type"":""binary""},{""type"":""number"",""value"":""1""}],""op"":""+"",""type"":""binary""}],""op"":""qlib:log"",""type"":""call""},{""type"":""number"",""value"":""20""}],""op"":""qlib:corr"",""type"":""call""}",qlib,NOT_VERIFIED,"[""qkg:record:009eff86-1dd4-5861-ba8c-4684afb8f87d""]"
qkg:formula:fe13ef0f-6c7b-54a5-86d8-7a5188bca337,"Ref($vwap, 43)/$close","/(qlib:delay($vwap,43),$close)","{""args"":[{""args"":[{""name"":""vwap"",""type"":""field""},{""type"":""number"",""value"":""43""}],""op"":""qlib:delay"",""type"":""call""},{""name"":""close"",""type"":""field""}],""op"":""/"",""type"":""binary""}",qlib,NOT_VERIFIED,"[""qkg:record:f394a4ae-86b4-5382-b440-c3e4313adc43""]"
qkg:formula:fe18cc41-6a41-57d8-92c5-91d9ccb17098,"Sum(Greater(Ref($close, 1)-$close, 0), 10)/(Sum(Abs($close-Ref($close, 1)), 10)+1e-12)","/(qlib:sum(qlib:elementwise_max(-(qlib:delay($close,1),$close),0),10),+(qlib:sum(qlib:abs(-($close,qlib:delay($close,1))),10),0.000000000001))","{""args"":[{""args"":[{""args"":[{""args"":[{""args"":[{""name"":""close"",""type"":""field""},{""type"":""number"",""value"":""1""}],""op"":""qlib:delay"",""type"":""call""},{""name"":""close"",""type"":""field""}],""op"":""-"",""type"":""binary""},{""type"":""number"",""value"":""0""}],""op"":""qlib:elementwise_max"",""type"":""call""},{""type"":""number"",""value"":""10""}],""op"":""qlib:sum"",""type"":""call""},{""args"":[{""args"":[{""args"":[{""args"":[{""name"":""close"",""type"":""field""},{""args"":[{""name"":""close"",""type"":""field""},{""type"":""number"",""value"":""1""}],""op"":""qlib:delay"",""type"":""call""}],""op"":""-"",""type"":""binary""}],""op"":""qlib:abs"",""type"":""call""},{""type"":""number"",""value"":""10""}],""op"":""qlib:sum"",""type"":""call""},{""type"":""number"",""value"":""0.000000000001""}],""op"":""+"",""type"":""binary""}],""op"":""/"",""type"":""binary""}",qlib,NOT_VERIFIED,"[""qkg:record:3e7defde-6421-5103-9d1d-dbce9dd492dd""]"
qkg:formula:ff4d1def-f258-52d2-a06f-7b28bcae2dd4,"Ref($low, 33)/$close","/(qlib:delay($low,33),$close)","{""args"":[{""args"":[{""name"":""low"",""type"":""field""},{""type"":""number"",""value"":""33""}],""op"":""qlib:delay"",""type"":""call""},{""name"":""close"",""type"":""field""}],""op"":""/"",""type"":""binary""}",qlib,NOT_VERIFIED,"[""qkg:record:324b0be8-15d0-5765-9ebb-4f313457e585""]"
